flux_u,flux_g,flux_r,flux_i,flux_z,flux_Y
0.16768524,-0.06461925,-0.024640363,0.22179924,-0.03795428,-0.22721443
,,,,,
0.18849516,0.27775827,0.012034153999999998,-0.22981112,0.17892438,0.120119855
,,,,,
-0.48638156,0.17068318,-0.025857124,0.061977655,0.08113827,0.11327787
,,,,,
-0.049663194,-0.03672142,0.08256997,0.056468174,-0.22901331,-0.09439609
,,,,,
-0.11394068,-0.16375265,-0.26652974,0.11521428,-0.17253737,0.10703772
,,,,,
0.07919485,0.107752584,-0.012236752,0.0018994804,0.20841512,0.32259712
,,,,,
0.22211514,-0.11128403,0.019172745,-0.015298696,0.027278587000000003,-0.07446622
,,,,,
0.10968463,0.023387149,0.1718155,-0.1147694,-0.08737416,0.007070964
,,,,,
0.0023749284,-0.11217156,0.107496835,-0.10331875,-0.11494844,-0.14416595
,,,,,
-0.15405938,0.121826455,0.12517248,0.26754707,-0.03437557,-0.121077344
,,,,,
,,,,,
,,,,,
,,,,,
,,,,,
,,,,,
,,,,,
,,,,,
,,,,,
1.2556735,2.877975,4.8869185,6.157851,6.3760080000000015,7.0249175999999975
,,,,,
,,,,,
,,,,,
,,,,,
,,,,,
,,,,,
,,,,,
,,,,,
,,,,,
2.2167573,7.534977400000002,14.794379,21.38607,24.68109,25.964705
,,,,,
,,,,,
,,,,,
,,,,,
,,,,,
,,,,,
,,,,,
,,,,,
,,,,,
2.0123584,8.073255,19.607288,30.744719,38.282368,42.14388
,,,,,
,,,,,
,,,,,
,,,,,
,,,,,
,,,,,
,,,,,
,,,,,
,,,,,
1.2007853000000002,6.0684233,17.325788,31.048653,41.361393,48.2052
,,,,,
,,,,,
,,,,,
,,,,,
,,,,,
,,,,,
,,,,,
,,,,,
,,,,,
0.36136588,3.4202294,12.323465,24.604458,36.1423,44.645767
,,,,,
,,,,,
,,,,,
,,,,,
,,,,,
,,,,,
,,,,,
,,,,,
,,,,,
0.3435203,1.4640378,7.536023599999999,17.163528,27.511862,36.749836
,,,,,
,,,,,
,,,,,
,,,,,
,,,,,
,,,,,
,,,,,
,,,,,
,,,,,
0.12937194,0.7250218,3.8612998,11.017528,19.31465,28.193918
,,,,,
,,,,,
,,,,,
,,,,,
,,,,,
,,,,,
,,,,,
,,,,,
,,,,,
-0.12870288,0.091316566,2.1192095,7.1893463,13.605442000000002,20.37685
,,,,,
,,,,,
,,,,,
,,,,,
,,,,,
,,,,,
,,,,,
,,,,,
,,,,,
,,,,,
,,,,,
,,,,,
,,,,,
,,,,,
,,,,,
,,,,,
,,,,,
,,,,,
,,,,,
,,,,,
,,,,,
,,,,,
,,,,,
,,,,,
,,,,,
,,,,,
,,,,,
,,,,,
,,,,,
,,,,,
,,,,,
,,,,,
,,,,,
,,,,,
,,,,,
,,,,,
,,,,,
,,,,,
,,,,,
,,,,,
,,,,,
,,,,,
,,,,,
,,,,,
,,,,,
,,,,,
,,,,,
,,,,,
,,,,,
,,,,,
,,,,,
,,,,,
,,,,,
,,,,,
,,,,,
,,,,,
,,,,,
,,,,,
,,,,,
,,,,,
,,,,,
,,,,,
,,,,,
,,,,,
,,,,,
,,,,,
,,,,,
,,,,,
,,,,,
,,,,,
,,,,,
,,,,,
,,,,,
,,,,,
,,,,,
,,,,,
,,,,,
,,,,,
,,,,,
,,,,,
,,,,,
,,,,,
,,,,,
,,,,,
,,,,,
,,,,,
,,,,,
,,,,,
,,,,,
,,,,,
,,,,,
,,,,,
,,,,,
,,,,,
,,,,,
,,,,,
,,,,,
,,,,,
,,,,,
,,,,,
,,,,,
