flux_u,flux_g,flux_r,flux_i,flux_z,flux_Y
0.12306893,0.19379705,0.20849125,-0.25605962,0.09778986,-0.32837683
,,,,,
-0.21974902,0.18826856,0.0873005,0.13779822,-0.0919952,-0.124626644
,,,,,
0.05511779,-0.17501153,0.037841175,0.11925097,0.05513268,0.047477372
,,,,,
-0.12105468,-0.013704389,0.21748395,-0.11500992,-0.0041209506,-0.11888233
,,,,,
-0.007820978000000001,-0.01684108,-0.049441516,0.06728173,0.0036365238,-0.00978354
,,,,,
-0.103547394,-0.16819656,-0.13028741,0.21455745,0.21881460000000005,-0.31399968
,,,,,
,,,,,
,,,,,
,,,,,
,,,,,
,,,,,
,,,,,
,,,,,
,,,,,
0.04464553,-0.021782774,-0.059186876,-0.086193144,-0.013888641,0.023868755
,,,,,
,,,,,
,,,,,
,,,,,
,,,,,
,,,,,
,,,,,
,,,,,
,,,,,
-0.08585202,0.6940301,1.3682411,1.9152919,1.9883919,1.8228889
,,,,,
,,,,,
,,,,,
,,,,,
,,,,,
,,,,,
,,,,,
,,,,,
,,,,,
8.839822,53.73656,134.37836,182.41968,164.59778,153.57908999999995
,,,,,
,,,,,
,,,,,
,,,,,
,,,,,
,,,,,
,,,,,
,,,,,
,,,,,
4.840717,44.48085800000001,192.32115,303.21893,264.09232000000003,255.30994
,,,,,
,,,,,
,,,,,
,,,,,
,,,,,
,,,,,
,,,,,
,,,,,
,,,,,
2.131075,14.1118145,87.06454000000002,178.23606999999996,167.75696000000005,190.31322
,,,,,
,,,,,
,,,,,
,,,,,
,,,,,
,,,,,
,,,,,
,,,,,
,,,,,
1.7440828999999998,7.7392910000000015,48.851974,96.25156,93.69591,113.179276
,,,,,
,,,,,
,,,,,
,,,,,
,,,,,
,,,,,
,,,,,
,,,,,
,,,,,
1.6310924999999998,5.5283127,28.394674,55.63308000000001,53.361015,71.896416
,,,,,
,,,,,
,,,,,
,,,,,
,,,,,
,,,,,
,,,,,
,,,,,
,,,,,
0.9430101,4.399718,21.517786,37.556393,33.76943,46.84385
,,,,,
,,,,,
,,,,,
,,,,,
,,,,,
,,,,,
,,,,,
,,,,,
,,,,,
,,,,,
,,,,,
,,,,,
,,,,,
,,,,,
,,,,,
,,,,,
,,,,,
,,,,,
,,,,,
,,,,,
,,,,,
,,,,,
,,,,,
,,,,,
,,,,,
,,,,,
,,,,,
,,,,,
,,,,,
,,,,,
,,,,,
,,,,,
,,,,,
,,,,,
,,,,,
,,,,,
,,,,,
,,,,,
,,,,,
,,,,,
,,,,,
,,,,,
,,,,,
,,,,,
,,,,,
,,,,,
,,,,,
,,,,,
,,,,,
,,,,,
,,,,,
,,,,,
,,,,,
,,,,,
,,,,,
,,,,,
,,,,,
,,,,,
,,,,,
,,,,,
,,,,,
,,,,,
,,,,,
,,,,,
,,,,,
,,,,,
,,,,,
,,,,,
,,,,,
,,,,,
,,,,,
,,,,,
,,,,,
,,,,,
,,,,,
,,,,,
,,,,,
,,,,,
,,,,,
,,,,,
,,,,,
,,,,,
,,,,,
,,,,,
,,,,,
,,,,,
,,,,,
,,,,,
,,,,,
,,,,,
,,,,,
,,,,,
,,,,,
,,,,,
,,,,,
,,,,,
,,,,,
,,,,,
,,,,,
,,,,,
,,,,,
,,,,,
,,,,,
,,,,,
,,,,,
,,,,,
,,,,,
,,,,,
,,,,,
