flux_u,flux_g,flux_r,flux_i,flux_z,flux_Y
0.016934587,0.08878169,0.0259086,0.12689362,-0.06383075,0.15339386
,,,,,
0.06010436,-0.22080131,0.11490053,-0.06186074,0.10732288,0.15458196
,,,,,
-0.0638232,0.04739032,0.11283554,0.066738755,-0.39521867,-0.08649043
,,,,,
0.16969134,-0.14069355,-0.08833234,0.03455123,-0.22701135,0.07784729
,,,,,
0.13504368,0.13677032,-0.09201023,-0.029989121,0.294691,-0.051956743
,,,,,
-0.02347445,0.17096660000000002,-0.13272859,0.024792407,0.01868336,0.003517521
,,,,,
-0.018453598,0.089567795,-0.05011997,0.0071681067,-0.104518645,-0.27421823
,,,,,
-0.14005882,0.04832026,0.010722662,0.027571829,0.37204555,0.27420574
,,,,,
,,,,,
,,,,,
,,,,,
,,,,,
,,,,,
,,,,,
,,,,,
,,,,,
-0.21973987,-0.1199072,-0.025362717000000003,0.15053643,-0.020414501,0.071105875
,,,,,
,,,,,
,,,,,
,,,,,
,,,,,
,,,,,
,,,,,
,,,,,
,,,,,
0.06319191,1.1133283,1.2122395,0.20968542,0.6575154000000001,0.15871271
,,,,,
,,,,,
,,,,,
,,,,,
,,,,,
,,,,,
,,,,,
,,,,,
,,,,,
2.4214358,17.4593,25.36497300000001,21.563652,21.355072,18.396751
,,,,,
,,,,,
,,,,,
,,,,,
,,,,,
,,,,,
,,,,,
,,,,,
,,,,,
1.804497,19.232498,45.522907,43.36198,43.30376,37.978455
,,,,,
,,,,,
,,,,,
,,,,,
,,,,,
,,,,,
,,,,,
,,,,,
,,,,,
0.61410546,9.671964,33.093727,45.84628,43.769733,43.24384000000001
,,,,,
,,,,,
,,,,,
,,,,,
,,,,,
,,,,,
,,,,,
,,,,,
,,,,,
0.07202491,3.1893559,15.497032,30.36802,21.917755,23.709051
,,,,,
,,,,,
,,,,,
,,,,,
,,,,,
,,,,,
,,,,,
,,,,,
,,,,,
0.1552027,0.9356795,7.101503,17.91487,15.896318,20.666265
,,,,,
,,,,,
,,,,,
,,,,,
,,,,,
,,,,,
,,,,,
,,,,,
,,,,,
-0.07072277,0.7113189999999999,4.5839987,12.814211,14.749474,16.81258
,,,,,
,,,,,
,,,,,
,,,,,
,,,,,
,,,,,
,,,,,
,,,,,
,,,,,
,,,,,
,,,,,
,,,,,
,,,,,
,,,,,
,,,,,
,,,,,
,,,,,
,,,,,
,,,,,
,,,,,
,,,,,
,,,,,
,,,,,
,,,,,
,,,,,
,,,,,
,,,,,
,,,,,
,,,,,
,,,,,
,,,,,
,,,,,
,,,,,
,,,,,
,,,,,
,,,,,
,,,,,
,,,,,
,,,,,
,,,,,
,,,,,
,,,,,
,,,,,
,,,,,
,,,,,
,,,,,
,,,,,
,,,,,
,,,,,
,,,,,
,,,,,
,,,,,
,,,,,
,,,,,
,,,,,
,,,,,
,,,,,
,,,,,
,,,,,
,,,,,
,,,,,
,,,,,
,,,,,
,,,,,
,,,,,
,,,,,
,,,,,
,,,,,
,,,,,
,,,,,
,,,,,
,,,,,
,,,,,
,,,,,
,,,,,
,,,,,
,,,,,
,,,,,
,,,,,
,,,,,
,,,,,
,,,,,
,,,,,
,,,,,
,,,,,
,,,,,
,,,,,
,,,,,
,,,,,
,,,,,
,,,,,
,,,,,
,,,,,
,,,,,
,,,,,
,,,,,
,,,,,
,,,,,
,,,,,
,,,,,
,,,,,
,,,,,
,,,,,
,,,,,
,,,,,
