flux_u,flux_g,flux_r,flux_i,flux_z,flux_Y
0.097936295,-0.26441854,0.16027495,0.10009791,0.10573556,0.046239186
,,,,,
0.057546947,0.08623998,0.22785375,0.23140872,0.20321278,0.099072024
,,,,,
0.24749154,-0.15916425,0.18327324,-0.09000579,-0.19668251,-0.02072747
,,,,,
0.06555952,-0.005463005999999999,0.06891483,-0.078628756,-0.010709905,-0.12510498
,,,,,
-0.114773035,0.09770826,-0.38076442,-0.2284809,0.07520846,0.1717401
,,,,,
-0.26225528,-0.33612365,0.058661696,-0.001575304,-0.12432298,0.21315907
,,,,,
0.014758902,-0.021296706,-0.107994586,0.09050719,-0.18490934,0.096055
,,,,,
-0.12318698,-0.0916677,0.13924488,-0.11857527,-0.18860781,0.15595096
,,,,,
,,,,,
,,,,,
,,,,,
,,,,,
,,,,,
,,,,,
,,,,,
,,,,,
0.06675102599999999,0.020954518,0.041074127,-0.07308211,-0.11225422,-0.068156205
,,,,,
,,,,,
,,,,,
,,,,,
,,,,,
,,,,,
,,,,,
,,,,,
,,,,,
0.17579271,0.65522003,0.70902586,0.42729837,0.3457719,0.38668087
,,,,,
,,,,,
,,,,,
,,,,,
,,,,,
,,,,,
,,,,,
,,,,,
,,,,,
1.0933245,10.5097,16.52496,14.416287,14.419670000000002,12.865464
,,,,,
,,,,,
,,,,,
,,,,,
,,,,,
,,,,,
,,,,,
,,,,,
,,,,,
0.79162115,10.700891,29.260748,28.220993,27.897469,26.357992
,,,,,
,,,,,
,,,,,
,,,,,
,,,,,
,,,,,
,,,,,
,,,,,
,,,,,
0.3589998,5.2898474,22.051968,29.898125,30.374544,31.224808000000003
,,,,,
,,,,,
,,,,,
,,,,,
,,,,,
,,,,,
,,,,,
,,,,,
,,,,,
0.45536888,1.9437388,10.500792,22.110771,23.25492,23.345903
,,,,,
,,,,,
,,,,,
,,,,,
,,,,,
,,,,,
,,,,,
,,,,,
,,,,,
-0.022866895,0.5762701,4.5020504,12.096524,15.528971,17.538926999999994
,,,,,
,,,,,
,,,,,
,,,,,
,,,,,
,,,,,
,,,,,
,,,,,
,,,,,
-0.1335431,0.25847882,3.1345022,7.5857085999999985,11.892898,12.425847
,,,,,
,,,,,
,,,,,
,,,,,
,,,,,
,,,,,
,,,,,
,,,,,
,,,,,
,,,,,
,,,,,
,,,,,
,,,,,
,,,,,
,,,,,
,,,,,
,,,,,
,,,,,
,,,,,
,,,,,
,,,,,
,,,,,
,,,,,
,,,,,
,,,,,
,,,,,
,,,,,
,,,,,
,,,,,
,,,,,
,,,,,
,,,,,
,,,,,
,,,,,
,,,,,
,,,,,
,,,,,
,,,,,
,,,,,
,,,,,
,,,,,
,,,,,
,,,,,
,,,,,
,,,,,
,,,,,
,,,,,
,,,,,
,,,,,
,,,,,
,,,,,
,,,,,
,,,,,
,,,,,
,,,,,
,,,,,
,,,,,
,,,,,
,,,,,
,,,,,
,,,,,
,,,,,
,,,,,
,,,,,
,,,,,
,,,,,
,,,,,
,,,,,
,,,,,
,,,,,
,,,,,
,,,,,
,,,,,
,,,,,
,,,,,
,,,,,
,,,,,
,,,,,
,,,,,
,,,,,
,,,,,
,,,,,
,,,,,
,,,,,
,,,,,
,,,,,
,,,,,
,,,,,
,,,,,
,,,,,
,,,,,
,,,,,
,,,,,
,,,,,
,,,,,
,,,,,
,,,,,
,,,,,
,,,,,
,,,,,
,,,,,
,,,,,
,,,,,
,,,,,
,,,,,
