flux_u,flux_g,flux_r,flux_i,flux_z,flux_Y
-0.009998298,0.029290285,0.025762862,-0.101511285,-0.12141422,-0.21498911
,,,,,
0.11569797,0.00853842,0.26126167,-0.07988214,-0.008948205,-0.23319253
,,,,,
-0.037039585,0.10962645,0.057922963,-0.15764108,0.20599449,0.17852427
,,,,,
-0.09914914,-0.021082666,-0.1010117,-0.19067286,0.18565433,0.11284494
,,,,,
0.025141148,-0.031270467,-0.29464763,0.46310118,-0.08800775,-0.07995039
,,,,,
-0.1756945,-0.006414544,-0.29513720000000004,-0.18812078,-0.021946935,-0.042130407
,,,,,
0.016809272,0.06645596,-0.09423524,0.057886086,-0.07692032,0.21496077
,,,,,
-0.18244433,-0.024064936,-0.025287978,0.11381696,-0.03474886,0.20640694
,,,,,
-0.037857275,-0.17289628,-0.055559326,0.021787826,-0.028661357,0.1513969
,,,,,
0.022463681,0.16220236,-0.08733409,0.10198985,0.04904182,0.08408109
,,,,,
,,,,,
,,,,,
,,,,,
,,,,,
,,,,,
,,,,,
,,,,,
,,,,,
0.10571428,-0.11685204,0.042465575,0.06709255,-0.08056302,-0.12582026
,,,,,
,,,,,
,,,,,
,,,,,
,,,,,
,,,,,
,,,,,
,,,,,
,,,,,
28.430809000000004,32.023006,27.79351,23.904305,20.376953,18.084953
,,,,,
,,,,,
,,,,,
,,,,,
,,,,,
,,,,,
,,,,,
,,,,,
,,,,,
98.76168,122.93596,115.952484,101.49701,90.93122,81.91582
,,,,,
,,,,,
,,,,,
,,,,,
,,,,,
,,,,,
,,,,,
,,,,,
,,,,,
167.0755,225.825,224.14398,203.5388,185.3165,168.06422
,,,,,
,,,,,
,,,,,
,,,,,
,,,,,
,,,,,
,,,,,
,,,,,
,,,,,
128.888,205.49524,232.47969,227.25827,217.20575,203.65446
,,,,,
,,,,,
,,,,,
,,,,,
,,,,,
,,,,,
,,,,,
,,,,,
,,,,,
16.542624,46.153927,78.999886,98.03678,107.34218,109.81303
,,,,,
,,,,,
,,,,,
,,,,,
,,,,,
,,,,,
,,,,,
,,,,,
,,,,,
1.0232162,5.285721,14.222665,25.074211,33.631226,40.36749
,,,,,
,,,,,
,,,,,
,,,,,
,,,,,
,,,,,
,,,,,
,,,,,
,,,,,
0.32133314,2.911807,10.601227,20.538465,29.849924,37.38982
,,,,,
,,,,,
,,,,,
,,,,,
,,,,,
,,,,,
,,,,,
,,,,,
,,,,,
,,,,,
,,,,,
,,,,,
,,,,,
,,,,,
,,,,,
,,,,,
,,,,,
,,,,,
,,,,,
,,,,,
,,,,,
,,,,,
,,,,,
,,,,,
,,,,,
,,,,,
,,,,,
,,,,,
,,,,,
,,,,,
,,,,,
,,,,,
,,,,,
,,,,,
,,,,,
,,,,,
,,,,,
,,,,,
,,,,,
,,,,,
,,,,,
,,,,,
,,,,,
,,,,,
,,,,,
,,,,,
,,,,,
,,,,,
,,,,,
,,,,,
,,,,,
,,,,,
,,,,,
,,,,,
,,,,,
,,,,,
,,,,,
,,,,,
,,,,,
,,,,,
,,,,,
,,,,,
,,,,,
,,,,,
,,,,,
,,,,,
,,,,,
,,,,,
,,,,,
,,,,,
,,,,,
,,,,,
,,,,,
,,,,,
,,,,,
,,,,,
,,,,,
,,,,,
,,,,,
,,,,,
,,,,,
,,,,,
,,,,,
,,,,,
,,,,,
,,,,,
,,,,,
,,,,,
,,,,,
,,,,,
,,,,,
,,,,,
,,,,,
,,,,,
,,,,,
,,,,,
,,,,,
,,,,,
,,,,,
,,,,,
,,,,,
