flux_u,flux_g,flux_r,flux_i,flux_z,flux_Y
-0.06074726,0.28769055,0.069956735,0.031737894,0.17630197,0.010895751
,,,,,
0.16620298,0.073490575,-0.059504203,-0.25267710000000004,0.009665159,-0.15711282
,,,,,
-0.12575419,-0.0045299106,0.07564757,0.09034623,-0.03182365,-0.05363633
,,,,,
-0.16879643,0.14231488,-0.18241395,0.0757125,-0.1472115,-0.11329827
,,,,,
-0.01891374,-0.08596044,-0.15117472,0.1271221,-0.23313206,-0.10095366
,,,,,
0.06946689,0.0030274051,0.060493,0.13989486,-0.049427174,-0.21813875
,,,,,
,,,,,
,,,,,
,,,,,
,,,,,
,,,,,
,,,,,
,,,,,
,,,,,
0.16651084,0.023614073,0.06159433,0.19513781,-0.0043846327,-0.07538537
,,,,,
,,,,,
,,,,,
,,,,,
,,,,,
,,,,,
,,,,,
,,,,,
,,,,,
0.029467687000000006,0.014349534,0.16073558,0.16745864,-0.0010276919,-0.13472545
,,,,,
,,,,,
,,,,,
,,,,,
,,,,,
,,,,,
,,,,,
,,,,,
,,,,,
0.08180948,-0.15780695,-0.03933019,-0.11804193,0.20165226,0.0992442
,,,,,
,,,,,
,,,,,
,,,,,
,,,,,
,,,,,
,,,,,
,,,,,
,,,,,
-0.21634173,0.076630004,0.073961444,0.12239609,-0.1179278,-0.026847381
,,,,,
,,,,,
,,,,,
,,,,,
,,,,,
,,,,,
,,,,,
,,,,,
,,,,,
7.78522,18.82844,28.47509,29.968102,29.574133000000003,29.47633
,,,,,
,,,,,
,,,,,
,,,,,
,,,,,
,,,,,
,,,,,
,,,,,
,,,,,
3.017514,11.199624,23.1406,26.588057,26.491737,30.477247
,,,,,
,,,,,
,,,,,
,,,,,
,,,,,
,,,,,
,,,,,
,,,,,
,,,,,
0.8642071,5.3482366,15.989492000000002,22.487196,24.196545,29.779772
,,,,,
,,,,,
,,,,,
,,,,,
,,,,,
,,,,,
,,,,,
,,,,,
,,,,,
0.30097684,2.54581,11.096073,18.724312,23.246248,27.824175
,,,,,
,,,,,
,,,,,
,,,,,
,,,,,
,,,,,
,,,,,
,,,,,
,,,,,
,,,,,
,,,,,
,,,,,
,,,,,
,,,,,
,,,,,
,,,,,
,,,,,
,,,,,
,,,,,
,,,,,
,,,,,
,,,,,
,,,,,
,,,,,
,,,,,
,,,,,
,,,,,
,,,,,
,,,,,
,,,,,
,,,,,
,,,,,
,,,,,
,,,,,
,,,,,
,,,,,
,,,,,
,,,,,
,,,,,
,,,,,
,,,,,
,,,,,
,,,,,
,,,,,
,,,,,
,,,,,
,,,,,
,,,,,
,,,,,
,,,,,
,,,,,
,,,,,
,,,,,
,,,,,
,,,,,
,,,,,
,,,,,
,,,,,
,,,,,
,,,,,
,,,,,
,,,,,
,,,,,
,,,,,
,,,,,
,,,,,
,,,,,
,,,,,
,,,,,
,,,,,
,,,,,
,,,,,
,,,,,
,,,,,
,,,,,
,,,,,
,,,,,
,,,,,
,,,,,
,,,,,
,,,,,
,,,,,
,,,,,
,,,,,
,,,,,
,,,,,
,,,,,
,,,,,
,,,,,
,,,,,
,,,,,
,,,,,
,,,,,
,,,,,
,,,,,
,,,,,
,,,,,
,,,,,
,,,,,
,,,,,
,,,,,
,,,,,
,,,,,
,,,,,
,,,,,
,,,,,
,,,,,
,,,,,
,,,,,
