flux_u,flux_g,flux_r,flux_i,flux_z,flux_Y
-0.057255585,0.34178635,0.049444873,0.15592715,0.048559405,0.13487735
,,,,,
-0.015612107,-0.062456287,0.007866857,0.22262675,-0.025680592,0.099509984
,,,,,
0.011416846,0.2528837,-1.9465804e-05,-0.0677982,0.05972794,0.01255745
,,,,,
0.17126678,-0.29447162,-0.05530455,0.050291784000000006,-0.08226307,-0.31071597
,,,,,
-0.20472078,-0.08809281,-0.37350947,-0.020950269,0.027002338,-0.11876436
,,,,,
-0.23719478,0.18247525,-0.11020944,-0.07183759,-0.050516415,0.2714046
,,,,,
,,,,,
,,,,,
,,,,,
,,,,,
,,,,,
,,,,,
,,,,,
,,,,,
-0.06146024,-0.46014512,0.24385233,0.009260913,0.0060032955,0.21231921
,,,,,
,,,,,
,,,,,
,,,,,
,,,,,
,,,,,
,,,,,
,,,,,
,,,,,
2.560172,6.398554,3.544838,3.3665397000000006,4.3168273,1.8826019
,,,,,
,,,,,
,,,,,
,,,,,
,,,,,
,,,,,
,,,,,
,,,,,
,,,,,
12.577106,39.168316,43.600883,41.22312,35.904716,31.42081
,,,,,
,,,,,
,,,,,
,,,,,
,,,,,
,,,,,
,,,,,
,,,,,
,,,,,
5.9710255,48.346443,71.89419000000002,72.90724,65.56876,55.27962
,,,,,
,,,,,
,,,,,
,,,,,
,,,,,
,,,,,
,,,,,
,,,,,
,,,,,
1.8092136000000003,21.800608,50.34289,71.18165,64.529335,59.71194000000001
,,,,,
,,,,,
,,,,,
,,,,,
,,,,,
,,,,,
,,,,,
,,,,,
,,,,,
0.31049990000000005,5.4991827,20.607956,39.744034,36.396225,37.73492
,,,,,
,,,,,
,,,,,
,,,,,
,,,,,
,,,,,
,,,,,
,,,,,
,,,,,
0.11300841,2.699876,11.732726,27.17837,30.527239,30.60923
,,,,,
,,,,,
,,,,,
,,,,,
,,,,,
,,,,,
,,,,,
,,,,,
,,,,,
-0.077651426,1.9147401,8.371889999999999,22.625181,25.477543,26.75876
,,,,,
,,,,,
,,,,,
,,,,,
,,,,,
,,,,,
,,,,,
,,,,,
,,,,,
,,,,,
,,,,,
,,,,,
,,,,,
,,,,,
,,,,,
,,,,,
,,,,,
,,,,,
,,,,,
,,,,,
,,,,,
,,,,,
,,,,,
,,,,,
,,,,,
,,,,,
,,,,,
,,,,,
,,,,,
,,,,,
,,,,,
,,,,,
,,,,,
,,,,,
,,,,,
,,,,,
,,,,,
,,,,,
,,,,,
,,,,,
,,,,,
,,,,,
,,,,,
,,,,,
,,,,,
,,,,,
,,,,,
,,,,,
,,,,,
,,,,,
,,,,,
,,,,,
,,,,,
,,,,,
,,,,,
,,,,,
,,,,,
,,,,,
,,,,,
,,,,,
,,,,,
,,,,,
,,,,,
,,,,,
,,,,,
,,,,,
,,,,,
,,,,,
,,,,,
,,,,,
,,,,,
,,,,,
,,,,,
,,,,,
,,,,,
,,,,,
,,,,,
,,,,,
,,,,,
,,,,,
,,,,,
,,,,,
,,,,,
,,,,,
,,,,,
,,,,,
,,,,,
,,,,,
,,,,,
,,,,,
,,,,,
,,,,,
,,,,,
,,,,,
,,,,,
,,,,,
,,,,,
,,,,,
,,,,,
,,,,,
,,,,,
,,,,,
,,,,,
,,,,,
,,,,,
,,,,,
,,,,,
,,,,,
,,,,,
