flux_u,flux_g,flux_r,flux_i,flux_z,flux_Y
-0.022485398,-0.25864267,-0.22193897,-0.07557652,-0.047059003,-0.08951188
,,,,,
0.048083756,-0.10608354,0.10431049,-0.018942494,0.08455758,0.093023695
,,,,,
0.031115634,-0.11345936,-0.43073988,-0.045511596,0.055231057,-0.20078993
,,,,,
-0.0015436513000000002,-0.066736795,0.23419297,-0.20905153,0.08039671,0.06579681
,,,,,
0.20925643,-0.060570743,-0.042342283,-0.049810164,0.13500328,0.104233734
,,,,,
0.034783937,-0.018275196,-0.1327106,0.19612446,-0.009265233,0.015968928
,,,,,
-0.40141162,0.07433081400000001,-0.14686766,-0.08923573,0.16212283,-0.06736799
,,,,,
0.016265151999999998,-0.16142479999999998,0.0047606677,0.0424468,0.043633725,0.092482075
,,,,,
2.172048,3.4072516000000004,4.5821010000000015,3.9687572,4.3837314,4.170155
,,,,,
,,,,,
,,,,,
,,,,,
,,,,,
,,,,,
,,,,,
,,,,,
,,,,,
14.638235,27.31753,37.462254,40.98008,40.65282,38.988907
,,,,,
,,,,,
,,,,,
,,,,,
,,,,,
,,,,,
,,,,,
,,,,,
,,,,,
20.59319,46.086246,70.92081,83.35573000000002,86.26523,86.10531999999998
,,,,,
,,,,,
,,,,,
,,,,,
,,,,,
,,,,,
,,,,,
,,,,,
,,,,,
18.1992,48.723705,86.00804000000002,109.74307,119.60325,122.95534
,,,,,
,,,,,
,,,,,
,,,,,
,,,,,
,,,,,
,,,,,
,,,,,
,,,,,
11.8216505,40.151638,82.46887,115.26613600000002,133.53993,142.55612
,,,,,
,,,,,
,,,,,
,,,,,
,,,,,
,,,,,
,,,,,
,,,,,
,,,,,
6.6738997000000015,28.153053000000003,68.349174,105.439735,129.62735,144.6703
,,,,,
,,,,,
,,,,,
,,,,,
,,,,,
,,,,,
,,,,,
,,,,,
,,,,,
3.0779989,18.033737,51.293255,88.02709,115.77027,135.55246
,,,,,
,,,,,
,,,,,
,,,,,
,,,,,
,,,,,
,,,,,
,,,,,
,,,,,
1.2574898,11.176402,36.900585,69.55009,97.168846,119.2912
,,,,,
,,,,,
,,,,,
,,,,,
,,,,,
,,,,,
,,,,,
,,,,,
,,,,,
0.65362096,6.452234,25.460386,53.05574,80.42756,102.31576
,,,,,
,,,,,
,,,,,
,,,,,
,,,,,
,,,,,
,,,,,
,,,,,
,,,,,
,,,,,
,,,,,
,,,,,
,,,,,
,,,,,
,,,,,
,,,,,
,,,,,
,,,,,
,,,,,
,,,,,
,,,,,
,,,,,
,,,,,
,,,,,
,,,,,
,,,,,
,,,,,
,,,,,
,,,,,
,,,,,
,,,,,
,,,,,
,,,,,
,,,,,
,,,,,
,,,,,
,,,,,
,,,,,
,,,,,
,,,,,
,,,,,
,,,,,
,,,,,
,,,,,
,,,,,
,,,,,
,,,,,
,,,,,
,,,,,
,,,,,
,,,,,
,,,,,
,,,,,
,,,,,
,,,,,
,,,,,
,,,,,
,,,,,
,,,,,
,,,,,
,,,,,
,,,,,
,,,,,
,,,,,
,,,,,
,,,,,
,,,,,
,,,,,
,,,,,
,,,,,
,,,,,
,,,,,
,,,,,
,,,,,
,,,,,
,,,,,
,,,,,
,,,,,
,,,,,
,,,,,
,,,,,
,,,,,
,,,,,
,,,,,
,,,,,
,,,,,
,,,,,
,,,,,
,,,,,
,,,,,
,,,,,
,,,,,
,,,,,
,,,,,
,,,,,
,,,,,
,,,,,
,,,,,
,,,,,
,,,,,
,,,,,
,,,,,
,,,,,
