flux_u,flux_g,flux_r,flux_i,flux_z,flux_Y
0.022561474,0.01130075,-0.09696847,-0.019819414,0.13316542,-0.17050123
,,,,,
0.13055782,0.06098989,-0.090438746,-0.023045683,-0.023621377,-0.044093136
,,,,,
-0.092691295,0.040760506,0.20865136,-0.028296381,-0.028768826,-0.04781261
,,,,,
-0.080378324,-0.095050536,-0.044367625999999986,0.0122712795,0.2614016,-0.029557213
,,,,,
-0.2874858,0.093898244,-0.2513257,-0.34228509999999995,0.13279487,-0.05444537
,,,,,
-0.12742594,-0.21209836,0.17693383,0.12053339999999994,-0.14354469,0.042750612
,,,,,
,,,,,
,,,,,
,,,,,
,,,,,
,,,,,
,,,,,
,,,,,
,,,,,
0.13056226,0.007302082,-0.2527705,-0.09488872,-0.08213457,0.10604288
,,,,,
,,,,,
,,,,,
,,,,,
,,,,,
,,,,,
,,,,,
,,,,,
,,,,,
0.0016445110999999998,0.07421301,0.14953125,0.1323104,-0.06603538,0.09962667
,,,,,
,,,,,
,,,,,
,,,,,
,,,,,
,,,,,
,,,,,
,,,,,
,,,,,
0.6408012,3.5254614,14.918656,27.953419,37.46571,32.161427
,,,,,
,,,,,
,,,,,
,,,,,
,,,,,
,,,,,
,,,,,
,,,,,
,,,,,
0.43853095,4.593561,32.10557,73.90844,99.875854,84.152214
,,,,,
,,,,,
,,,,,
,,,,,
,,,,,
,,,,,
,,,,,
,,,,,
,,,,,
0.20671658,1.4488299,12.807328,50.402084,79.04781,68.98091
,,,,,
,,,,,
,,,,,
,,,,,
,,,,,
,,,,,
,,,,,
,,,,,
,,,,,
0.22510952,0.90585834,6.7961097000000015,28.604843,45.417034,42.21089
,,,,,
,,,,,
,,,,,
,,,,,
,,,,,
,,,,,
,,,,,
,,,,,
,,,,,
0.16191842,0.42137286,3.979707,16.335712,25.582796,25.218338
,,,,,
,,,,,
,,,,,
,,,,,
,,,,,
,,,,,
,,,,,
,,,,,
,,,,,
0.12194024,0.053057376,2.8097653,11.048008,15.546604,16.198706
,,,,,
,,,,,
,,,,,
,,,,,
,,,,,
,,,,,
,,,,,
,,,,,
,,,,,
,,,,,
,,,,,
,,,,,
,,,,,
,,,,,
,,,,,
,,,,,
,,,,,
,,,,,
,,,,,
,,,,,
,,,,,
,,,,,
,,,,,
,,,,,
,,,,,
,,,,,
,,,,,
,,,,,
,,,,,
,,,,,
,,,,,
,,,,,
,,,,,
,,,,,
,,,,,
,,,,,
,,,,,
,,,,,
,,,,,
,,,,,
,,,,,
,,,,,
,,,,,
,,,,,
,,,,,
,,,,,
,,,,,
,,,,,
,,,,,
,,,,,
,,,,,
,,,,,
,,,,,
,,,,,
,,,,,
,,,,,
,,,,,
,,,,,
,,,,,
,,,,,
,,,,,
,,,,,
,,,,,
,,,,,
,,,,,
,,,,,
,,,,,
,,,,,
,,,,,
,,,,,
,,,,,
,,,,,
,,,,,
,,,,,
,,,,,
,,,,,
,,,,,
,,,,,
,,,,,
,,,,,
,,,,,
,,,,,
,,,,,
,,,,,
,,,,,
,,,,,
,,,,,
,,,,,
,,,,,
,,,,,
,,,,,
,,,,,
,,,,,
,,,,,
,,,,,
,,,,,
,,,,,
,,,,,
,,,,,
,,,,,
,,,,,
,,,,,
,,,,,
,,,,,
,,,,,
,,,,,
,,,,,
,,,,,
,,,,,
