flux_u,flux_g,flux_r,flux_i,flux_z,flux_Y
-0.12000962,0.11748704,-0.120052196,-0.1367596,0.0047605373,0.2923325
,,,,,
0.034410506,0.011094308,-0.023142265,0.06857329,-0.01305025,-0.114050925
,,,,,
0.03253394,0.008593156999999999,0.033069298,0.009883199,-0.0071409303,0.12324592
,,,,,
0.040128242,0.100674145,0.0279313,0.07280183,0.18658817,0.06535506
,,,,,
0.30384505,-0.18940775,-0.19786763,-0.020817926,0.34661263,-0.18427564
,,,,,
-0.024269128,0.052519254,0.13837217,0.013100145,0.0108874105,0.16292459
,,,,,
0.06711853,-0.015667899,-0.32578948,-0.028889222000000006,-0.099167556,-0.0032438966
,,,,,
,,,,,
,,,,,
,,,,,
,,,,,
,,,,,
,,,,,
,,,,,
,,,,,
0.3896715,0.24750395,0.06825214,0.06571808,0.10792919,0.034633625
,,,,,
,,,,,
,,,,,
,,,,,
,,,,,
,,,,,
,,,,,
,,,,,
,,,,,
0.6214151,4.013195,4.123255,1.9849745,3.7937918,2.6697388
,,,,,
,,,,,
,,,,,
,,,,,
,,,,,
,,,,,
,,,,,
,,,,,
,,,,,
3.680874,16.669729999999998,22.360115,19.907322,19.351665,15.528919
,,,,,
,,,,,
,,,,,
,,,,,
,,,,,
,,,,,
,,,,,
,,,,,
,,,,,
1.914252,18.211689,35.016293,34.533848,33.0542,27.43889
,,,,,
,,,,,
,,,,,
,,,,,
,,,,,
,,,,,
,,,,,
,,,,,
,,,,,
0.6053001,9.319658,25.529585,36.59462,34.463615000000004,31.285782
,,,,,
,,,,,
,,,,,
,,,,,
,,,,,
,,,,,
,,,,,
,,,,,
,,,,,
0.45538458,2.7205630000000003,11.8359,24.150503,19.561703,20.062527
,,,,,
,,,,,
,,,,,
,,,,,
,,,,,
,,,,,
,,,,,
,,,,,
,,,,,
-0.2353164,0.899581,6.536155,14.121916,14.787577,16.691538
,,,,,
,,,,,
,,,,,
,,,,,
,,,,,
,,,,,
,,,,,
,,,,,
,,,,,
-0.09587956,0.8580302,4.1675034,11.0876875,11.541619,12.14219
,,,,,
,,,,,
,,,,,
,,,,,
,,,,,
,,,,,
,,,,,
,,,,,
,,,,,
,,,,,
,,,,,
,,,,,
,,,,,
,,,,,
,,,,,
,,,,,
,,,,,
,,,,,
,,,,,
,,,,,
,,,,,
,,,,,
,,,,,
,,,,,
,,,,,
,,,,,
,,,,,
,,,,,
,,,,,
,,,,,
,,,,,
,,,,,
,,,,,
,,,,,
,,,,,
,,,,,
,,,,,
,,,,,
,,,,,
,,,,,
,,,,,
,,,,,
,,,,,
,,,,,
,,,,,
,,,,,
,,,,,
,,,,,
,,,,,
,,,,,
,,,,,
,,,,,
,,,,,
,,,,,
,,,,,
,,,,,
,,,,,
,,,,,
,,,,,
,,,,,
,,,,,
,,,,,
,,,,,
,,,,,
,,,,,
,,,,,
,,,,,
,,,,,
,,,,,
,,,,,
,,,,,
,,,,,
,,,,,
,,,,,
,,,,,
,,,,,
,,,,,
,,,,,
,,,,,
,,,,,
,,,,,
,,,,,
,,,,,
,,,,,
,,,,,
,,,,,
,,,,,
,,,,,
,,,,,
,,,,,
,,,,,
,,,,,
,,,,,
,,,,,
,,,,,
,,,,,
,,,,,
,,,,,
,,,,,
,,,,,
,,,,,
,,,,,
,,,,,
,,,,,
,,,,,
,,,,,
,,,,,
