flux_u,flux_g,flux_r,flux_i,flux_z,flux_Y
-0.0030383563,0.15571861,0.17630008,0.08431174,-0.07815801,0.014177255
,,,,,
0.23636486,0.091366835,0.07179958,0.29191244,0.02672439,-0.03658461
,,,,,
0.09832306,0.09917584,-0.046299893,0.031107085,-0.07766667,-0.16687734
,,,,,
-0.033011984,-0.01076556,-0.28741533,0.07126218,0.16959071,0.26942363
,,,,,
0.15028362,-0.07670203,0.0050002965,0.038481433,0.10828982,0.0829461
,,,,,
-0.12231766,-0.049763784000000005,-0.23745912,-0.07404258,-0.08531512,-0.037088163
,,,,,
0.028648686,-0.10034395,0.20860337,0.38534746,0.21213892,-0.14294393
,,,,,
-0.045845002,-0.21171385,-0.0030877308,-0.022364456,-0.0019591365,-0.08691852
,,,,,
-0.13707775,0.070240945,0.10381266,-0.108612165,0.1264863,0.17512776
,,,,,
-0.034823146,0.030679733,-0.046918105,0.07808427,-0.13765639999999998,0.29427040000000004
,,,,,
0.05135937,-0.20532511,0.10525734,-0.21723631,0.43270412,0.102992125
,,,,,
,,,,,
,,,,,
,,,,,
,,,,,
,,,,,
,,,,,
,,,,,
,,,,,
-0.14244133,-0.10755478,-0.13564548,-0.20875287,-0.007140920500000002,0.012179031000000002
,,,,,
,,,,,
,,,,,
,,,,,
,,,,,
,,,,,
,,,,,
,,,,,
,,,,,
-0.0085116085,0.09426775,-0.43773276,0.026476288,0.093589246,0.032065675
,,,,,
,,,,,
,,,,,
,,,,,
,,,,,
,,,,,
,,,,,
,,,,,
,,,,,
0.16503826,-0.015877802,0.04744372,0.08089924,0.060234845,-0.25660226
,,,,,
,,,,,
,,,,,
,,,,,
,,,,,
,,,,,
,,,,,
,,,,,
,,,,,
57.99437,20.575441,13.072544,13.054564,9.82921,8.818736
,,,,,
,,,,,
,,,,,
,,,,,
,,,,,
,,,,,
,,,,,
,,,,,
,,,,,
45.719345,36.691418,33.394413,32.917885,26.304558,25.672802
,,,,,
,,,,,
,,,,,
,,,,,
,,,,,
,,,,,
,,,,,
,,,,,
,,,,,
15.097957,26.627205,36.48832,36.19655,34.00183,32.27319
,,,,,
,,,,,
,,,,,
,,,,,
,,,,,
,,,,,
,,,,,
,,,,,
,,,,,
3.935656,12.014893,25.887846,27.77782,27.429901,25.419025
,,,,,
,,,,,
,,,,,
,,,,,
,,,,,
,,,,,
,,,,,
,,,,,
,,,,,
1.2323978,5.1981273,14.857385999999998,20.004463,21.162498,19.459034
,,,,,
,,,,,
,,,,,
,,,,,
,,,,,
,,,,,
,,,,,
,,,,,
,,,,,
,,,,,
,,,,,
,,,,,
,,,,,
,,,,,
,,,,,
,,,,,
,,,,,
,,,,,
,,,,,
,,,,,
,,,,,
,,,,,
,,,,,
,,,,,
,,,,,
,,,,,
,,,,,
,,,,,
,,,,,
,,,,,
,,,,,
,,,,,
,,,,,
,,,,,
,,,,,
,,,,,
,,,,,
,,,,,
,,,,,
,,,,,
,,,,,
,,,,,
,,,,,
,,,,,
,,,,,
,,,,,
,,,,,
,,,,,
,,,,,
,,,,,
,,,,,
,,,,,
,,,,,
,,,,,
,,,,,
,,,,,
,,,,,
,,,,,
,,,,,
,,,,,
,,,,,
,,,,,
,,,,,
,,,,,
,,,,,
,,,,,
,,,,,
,,,,,
,,,,,
,,,,,
,,,,,
,,,,,
,,,,,
,,,,,
,,,,,
,,,,,
,,,,,
,,,,,
,,,,,
,,,,,
,,,,,
,,,,,
,,,,,
,,,,,
,,,,,
,,,,,
,,,,,
,,,,,
,,,,,
,,,,,
,,,,,
,,,,,
,,,,,
,,,,,
,,,,,
,,,,,
,,,,,
,,,,,
,,,,,
