flux_u,flux_g,flux_r,flux_i,flux_z,flux_Y
0.041922934,-0.007474069,0.008053495,0.14105555,-0.021838378,-0.05059702
,,,,,
0.05633246,0.27909926,-0.13251801,0.2031056,-0.06326419,0.07341107
,,,,,
0.06234543,-0.027822632000000003,-0.23881647,0.0005197446400000001,-0.0017616499,-0.00992224
,,,,,
0.027357701,0.04187359,0.05460467,0.2527592,0.10679226,0.24311589
,,,,,
0.32970288,0.20116718,-0.27891657,0.1634604,-0.04229539,-0.008100432
,,,,,
0.33582196,0.19670781,-0.05734540000000001,0.35323742,0.36776757,-0.015595387
,,,,,
-0.05021666,0.13046771,0.13236813,-0.14210494,-0.06926723,-0.13862370000000002
,,,,,
-0.011000011,-0.09535943,0.09069684,0.088534236,0.07482805,-0.008560702
,,,,,
-0.08601951599999999,0.15089244,0.029475147,0.23698926,0.09210537,0.17578353
,,,,,
-0.1150789,-0.17759171,-0.0032931801,-0.14862584,0.09790773,-0.12227194
,,,,,
,,,,,
,,,,,
,,,,,
,,,,,
,,,,,
,,,,,
,,,,,
,,,,,
0.23038682,0.04960051,0.3178528,0.15053304,0.02582406,0.001942089
,,,,,
,,,,,
,,,,,
,,,,,
,,,,,
,,,,,
,,,,,
,,,,,
,,,,,
0.28094238,1.9862231,7.259495699999999,9.593123,8.192219,4.021798
,,,,,
,,,,,
,,,,,
,,,,,
,,,,,
,,,,,
,,,,,
,,,,,
,,,,,
0.4471901,7.214972,22.027756,32.28269,33.32237,22.127836
,,,,,
,,,,,
,,,,,
,,,,,
,,,,,
,,,,,
,,,,,
,,,,,
,,,,,
0.2653481,6.8179630000000015,23.178822,42.485844,46.634148,34.670235
,,,,,
,,,,,
,,,,,
,,,,,
,,,,,
,,,,,
,,,,,
,,,,,
,,,,,
0.37081313,3.261245,14.603712,33.727768,40.230854,33.1381
,,,,,
,,,,,
,,,,,
,,,,,
,,,,,
,,,,,
,,,,,
,,,,,
,,,,,
0.53149116,1.5735393,8.2629795,21.531244,26.868513,26.432945
,,,,,
,,,,,
,,,,,
,,,,,
,,,,,
,,,,,
,,,,,
,,,,,
,,,,,
0.18796334,1.0347601999999998,5.4033875,14.80637,18.659697,18.1322
,,,,,
,,,,,
,,,,,
,,,,,
,,,,,
,,,,,
,,,,,
,,,,,
,,,,,
-0.03171657,0.8153307,3.640025,11.096615,13.999427,13.244801
,,,,,
,,,,,
,,,,,
,,,,,
,,,,,
,,,,,
,,,,,
,,,,,
,,,,,
,,,,,
,,,,,
,,,,,
,,,,,
,,,,,
,,,,,
,,,,,
,,,,,
,,,,,
,,,,,
,,,,,
,,,,,
,,,,,
,,,,,
,,,,,
,,,,,
,,,,,
,,,,,
,,,,,
,,,,,
,,,,,
,,,,,
,,,,,
,,,,,
,,,,,
,,,,,
,,,,,
,,,,,
,,,,,
,,,,,
,,,,,
,,,,,
,,,,,
,,,,,
,,,,,
,,,,,
,,,,,
,,,,,
,,,,,
,,,,,
,,,,,
,,,,,
,,,,,
,,,,,
,,,,,
,,,,,
,,,,,
,,,,,
,,,,,
,,,,,
,,,,,
,,,,,
,,,,,
,,,,,
,,,,,
,,,,,
,,,,,
,,,,,
,,,,,
,,,,,
,,,,,
,,,,,
,,,,,
,,,,,
,,,,,
,,,,,
,,,,,
,,,,,
,,,,,
,,,,,
,,,,,
,,,,,
,,,,,
,,,,,
,,,,,
,,,,,
,,,,,
,,,,,
,,,,,
,,,,,
,,,,,
,,,,,
,,,,,
,,,,,
,,,,,
,,,,,
,,,,,
,,,,,
,,,,,
,,,,,
,,,,,
,,,,,
