flux_u,flux_g,flux_r,flux_i,flux_z,flux_Y
0.05135832,0.03722977,0.039522223,-0.09803428,-0.092846796,0.18162008
,,,,,
-0.090777375,-0.09856763,0.21620291,-0.0736125,-0.06830283,-0.04225889
,,,,,
-0.10695686,-0.100754745,0.04968101,-0.028936712000000007,0.14571132,0.08619218
,,,,,
-0.092319734,0.24572015,0.09437952,-0.10447016,0.031479444,-0.09209062
,,,,,
0.19187063,0.19664092,0.12317203,-0.037849054,-0.3330252,-0.10195681
,,,,,
-0.0077981269999999984,0.063094586,0.07543186,-0.06408826,0.0075728013,-0.16698949
,,,,,
-0.056197714,0.08835453,0.14362691,0.18245825,-0.16919222,-0.10348713
,,,,,
-0.16242309,-0.1791049,0.024137596,-0.0137821045,-0.23889314,-0.06823191
,,,,,
0.10527866,-0.03665361,0.01945634,-0.04745887,-0.07203232,0.01895284
,,,,,
-0.22980246,0.1361516,-0.34967697,0.04156972,-0.093952306,-0.1371424
,,,,,
0.016895987,-0.045644786,-0.094720334,0.14216058,-0.048992977,-0.13969612
,,,,,
,,,,,
,,,,,
,,,,,
,,,,,
,,,,,
,,,,,
,,,,,
,,,,,
0.094848834,-0.042677972,0.3712068,-0.19060938,0.11547474,0.0075591323
,,,,,
,,,,,
,,,,,
,,,,,
,,,,,
,,,,,
,,,,,
,,,,,
,,,,,
3.6663425,22.12833,58.37295500000001,84.987785,89.25198,73.51176
,,,,,
,,,,,
,,,,,
,,,,,
,,,,,
,,,,,
,,,,,
,,,,,
,,,,,
3.7310367,29.89057,130.63523999999998,211.58603,225.00838,186.0965
,,,,,
,,,,,
,,,,,
,,,,,
,,,,,
,,,,,
,,,,,
,,,,,
,,,,,
1.0268134,8.184724000000001,54.31141700000001,141.61552,164.85748,157.51134
,,,,,
,,,,,
,,,,,
,,,,,
,,,,,
,,,,,
,,,,,
,,,,,
,,,,,
1.0516871,4.6064110000000005,31.488844,78.44753,93.46226,95.94867
,,,,,
,,,,,
,,,,,
,,,,,
,,,,,
,,,,,
,,,,,
,,,,,
,,,,,
0.6648907,3.0741477,17.31581,44.570423,51.33077,60.062775
,,,,,
,,,,,
,,,,,
,,,,,
,,,,,
,,,,,
,,,,,
,,,,,
,,,,,
0.71495646,2.2533424,12.629108,30.01402,32.8837,38.19953
,,,,,
,,,,,
,,,,,
,,,,,
,,,,,
,,,,,
,,,,,
,,,,,
,,,,,
0.3875694000000001,1.9941494,10.681193,22.26212,20.773336,27.547491
,,,,,
,,,,,
,,,,,
,,,,,
,,,,,
,,,,,
,,,,,
,,,,,
,,,,,
,,,,,
,,,,,
,,,,,
,,,,,
,,,,,
,,,,,
,,,,,
,,,,,
,,,,,
,,,,,
,,,,,
,,,,,
,,,,,
,,,,,
,,,,,
,,,,,
,,,,,
,,,,,
,,,,,
,,,,,
,,,,,
,,,,,
,,,,,
,,,,,
,,,,,
,,,,,
,,,,,
,,,,,
,,,,,
,,,,,
,,,,,
,,,,,
,,,,,
,,,,,
,,,,,
,,,,,
,,,,,
,,,,,
,,,,,
,,,,,
,,,,,
,,,,,
,,,,,
,,,,,
,,,,,
,,,,,
,,,,,
,,,,,
,,,,,
,,,,,
,,,,,
,,,,,
,,,,,
,,,,,
,,,,,
,,,,,
,,,,,
,,,,,
,,,,,
,,,,,
,,,,,
,,,,,
,,,,,
,,,,,
,,,,,
,,,,,
,,,,,
,,,,,
,,,,,
,,,,,
,,,,,
,,,,,
,,,,,
,,,,,
,,,,,
,,,,,
,,,,,
,,,,,
,,,,,
,,,,,
,,,,,
,,,,,
,,,,,
,,,,,
,,,,,
,,,,,
,,,,,
,,,,,
,,,,,
,,,,,
