flux_u,flux_g,flux_r,flux_i,flux_z,flux_Y
0.3215738,-0.33841687,-0.081279024,0.10825076,0.2475395,0.04546805
,,,,,
-0.07934389,-0.17848025,0.07649403,0.21248081,-0.03156276,0.17752315
,,,,,
0.047539562,0.18997107,-0.16656332,-0.0044489615,-0.09530174,-0.121259384
,,,,,
0.10042471,0.11301476,-0.14624253,0.26290902,-0.024388265,-0.2567348
,,,,,
0.085858345,-0.038086068,0.060384434,0.070519045,-0.11157488,0.16514958
,,,,,
0.08609632,-0.12230095,-0.1250063,-0.02708102,0.092602156,-0.20300318
,,,,,
-0.020270659,0.21340966,-0.16753379999999998,0.30454046,-0.16510318,0.04230549
,,,,,
0.21710987,-0.004184902,-0.07209654,0.10187011,0.30190759999999994,-0.3942315
,,,,,
0.08581036,0.18984279,-0.10649251,-0.06713159,-0.20952299,0.12590632
,,,,,
,,,,,
,,,,,
,,,,,
,,,,,
,,,,,
,,,,,
,,,,,
,,,,,
4.0663652,7.428671400000002,10.293796,11.146367,11.178807,10.900742
,,,,,
,,,,,
,,,,,
,,,,,
,,,,,
,,,,,
,,,,,
,,,,,
,,,,,
12.701349,28.237776,44.258224,51.83717,54.385933,54.37338
,,,,,
,,,,,
,,,,,
,,,,,
,,,,,
,,,,,
,,,,,
,,,,,
,,,,,
12.265375,35.904907,64.865746,84.24509,93.74714,96.42278
,,,,,
,,,,,
,,,,,
,,,,,
,,,,,
,,,,,
,,,,,
,,,,,
,,,,,
7.6509132,29.421131,62.99040600000001,91.744125,108.67504,118.09046
,,,,,
,,,,,
,,,,,
,,,,,
,,,,,
,,,,,
,,,,,
,,,,,
,,,,,
3.7223422999999993,18.10053,47.955753,79.41471999999997,102.205765,116.67908
,,,,,
,,,,,
,,,,,
,,,,,
,,,,,
,,,,,
,,,,,
,,,,,
,,,,,
1.4460893,9.423118,31.498758,59.287083,83.84653,101.659546
,,,,,
,,,,,
,,,,,
,,,,,
,,,,,
,,,,,
,,,,,
,,,,,
,,,,,
0.4406348,4.8743349999999985,19.491653,42.00793,64.522766,82.88615
,,,,,
,,,,,
,,,,,
,,,,,
,,,,,
,,,,,
,,,,,
,,,,,
,,,,,
0.18195522,2.3471618,11.819351,29.225407,48.493828,65.845894
,,,,,
,,,,,
,,,,,
,,,,,
,,,,,
,,,,,
,,,,,
,,,,,
,,,,,
,,,,,
,,,,,
,,,,,
,,,,,
,,,,,
,,,,,
,,,,,
,,,,,
,,,,,
,,,,,
,,,,,
,,,,,
,,,,,
,,,,,
,,,,,
,,,,,
,,,,,
,,,,,
,,,,,
,,,,,
,,,,,
,,,,,
,,,,,
,,,,,
,,,,,
,,,,,
,,,,,
,,,,,
,,,,,
,,,,,
,,,,,
,,,,,
,,,,,
,,,,,
,,,,,
,,,,,
,,,,,
,,,,,
,,,,,
,,,,,
,,,,,
,,,,,
,,,,,
,,,,,
,,,,,
,,,,,
,,,,,
,,,,,
,,,,,
,,,,,
,,,,,
,,,,,
,,,,,
,,,,,
,,,,,
,,,,,
,,,,,
,,,,,
,,,,,
,,,,,
,,,,,
,,,,,
,,,,,
,,,,,
,,,,,
,,,,,
,,,,,
,,,,,
,,,,,
,,,,,
,,,,,
,,,,,
,,,,,
,,,,,
,,,,,
,,,,,
,,,,,
,,,,,
,,,,,
,,,,,
,,,,,
,,,,,
,,,,,
,,,,,
,,,,,
,,,,,
,,,,,
,,,,,
,,,,,
,,,,,
,,,,,
,,,,,
,,,,,
,,,,,
