flux_u,flux_g,flux_r,flux_i,flux_z,flux_Y
0.20279294,0.5047043,0.43671635,0.6326315,1.1474531,0.8849443000000001
,,,,,
0.022307765,0.83074105,1.1079917,1.308779,1.830183,1.4182956
,,,,,
-0.19620635,1.5105302,1.7424568,2.3067682,2.6431901,2.325811
,,,,,
-0.010603041,1.5743324,2.4177222,2.8984854,3.5483992,3.155285
,,,,,
0.30280262,2.217005,3.465043,4.1128306000000014,4.6251316,4.0410010000000005
,,,,,
0.30579334,2.8991408,4.4902654,5.113725,5.9331937,4.9006300000000005
,,,,,
0.50196904,3.5646796000000003,5.3852444,6.13813,6.927724,5.645045
,,,,,
0.3591346,4.0185122,6.3812904,7.1130958,7.8268460000000015,6.8667116
,,,,,
0.39640534,4.4737577,7.255128,7.968269,8.453961999999999,7.4338064
,,,,,
0.13081363,4.822091,7.969519,8.312915,9.573523,8.315422
,,,,,
0.32314965,4.444392,8.482634,9.32224,9.761389,8.780201
,,,,,
,,,,,
,,,,,
,,,,,
,,,,,
,,,,,
,,,,,
,,,,,
,,,,,
0.37127993,3.9115722,7.0788574,9.504831,12.447209,11.334894
,,,,,
,,,,,
,,,,,
,,,,,
,,,,,
,,,,,
,,,,,
,,,,,
,,,,,
0.41425267,3.67761,9.640415,12.605609,16.967005,16.229751999999998
,,,,,
,,,,,
,,,,,
,,,,,
,,,,,
,,,,,
,,,,,
,,,,,
,,,,,
0.7945496999999999,5.3224072,16.283194,21.046274,24.231358,22.601044
,,,,,
,,,,,
,,,,,
,,,,,
,,,,,
,,,,,
,,,,,
,,,,,
,,,,,
0.5618814999999999,5.828549400000001,20.716312,25.372953,28.149992,27.754711
,,,,,
,,,,,
,,,,,
,,,,,
,,,,,
,,,,,
,,,,,
,,,,,
,,,,,
0.60100627,4.9055777,16.726871,22.485043,27.102490000000003,28.132784
,,,,,
,,,,,
,,,,,
,,,,,
,,,,,
,,,,,
,,,,,
,,,,,
,,,,,
0.369168,3.4056787,10.32372,16.922709,21.894009,25.672915
,,,,,
,,,,,
,,,,,
,,,,,
,,,,,
,,,,,
,,,,,
,,,,,
,,,,,
0.25325927,1.8889318,5.7204695,10.993936,15.235920000000002,19.9708
,,,,,
,,,,,
,,,,,
,,,,,
,,,,,
,,,,,
,,,,,
,,,,,
,,,,,
0.3889948,1.0201118,2.745701,6.9224668000000005,9.702197,12.998995
,,,,,
,,,,,
,,,,,
,,,,,
,,,,,
,,,,,
,,,,,
,,,,,
,,,,,
,,,,,
,,,,,
,,,,,
,,,,,
,,,,,
,,,,,
,,,,,
,,,,,
,,,,,
,,,,,
,,,,,
,,,,,
,,,,,
,,,,,
,,,,,
,,,,,
,,,,,
,,,,,
,,,,,
,,,,,
,,,,,
,,,,,
,,,,,
,,,,,
,,,,,
,,,,,
,,,,,
,,,,,
,,,,,
,,,,,
,,,,,
,,,,,
,,,,,
,,,,,
,,,,,
,,,,,
,,,,,
,,,,,
,,,,,
,,,,,
,,,,,
,,,,,
,,,,,
,,,,,
,,,,,
,,,,,
,,,,,
,,,,,
,,,,,
,,,,,
,,,,,
,,,,,
,,,,,
,,,,,
,,,,,
,,,,,
,,,,,
,,,,,
,,,,,
,,,,,
,,,,,
,,,,,
,,,,,
,,,,,
,,,,,
,,,,,
,,,,,
,,,,,
,,,,,
,,,,,
,,,,,
,,,,,
,,,,,
,,,,,
,,,,,
,,,,,
,,,,,
,,,,,
,,,,,
,,,,,
,,,,,
,,,,,
,,,,,
,,,,,
,,,,,
,,,,,
,,,,,
,,,,,
,,,,,
,,,,,
