flux_u,flux_g,flux_r,flux_i,flux_z,flux_Y
0.033368155,0.13886164,0.12072364,-0.124905534,-0.19592592,-0.20633787
,,,,,
0.015312391000000003,-0.157445,-0.059308853,0.11740566,-0.08398736,0.29006577
,,,,,
-0.19658017,0.14729385,-0.043387193,0.035951715,-0.17165777,0.18077627
,,,,,
0.23810302,0.28489402,-0.06918486,0.16079988,0.09152872,-0.026465576
,,,,,
0.09100037,-0.07911398,0.100594066,0.014915913,-0.26292497,0.09209191
,,,,,
-0.29508626,-0.11586372,-0.26547083,-0.13860473,-0.06818482,-0.031285577
,,,,,
0.016715897,-0.042592637,-0.045394637,0.03673441,-0.13235532,-0.24649705
,,,,,
,,,,,
,,,,,
,,,,,
,,,,,
,,,,,
,,,,,
,,,,,
,,,,,
0.17016895,0.10230768,-0.29112205,0.0015008363,0.09002417,-0.0380534
,,,,,
,,,,,
,,,,,
,,,,,
,,,,,
,,,,,
,,,,,
,,,,,
,,,,,
-0.08446378,-0.0019020824,-0.024048427,-0.06357966,0.21809682,0.12698051
,,,,,
,,,,,
,,,,,
,,,,,
,,,,,
,,,,,
,,,,,
,,,,,
,,,,,
0.7764564,5.4543443,16.35734,28.52658,34.30366,30.881498
,,,,,
,,,,,
,,,,,
,,,,,
,,,,,
,,,,,
,,,,,
,,,,,
,,,,,
0.98554087,8.600501,35.95622,75.02105,91.31063,84.15267
,,,,,
,,,,,
,,,,,
,,,,,
,,,,,
,,,,,
,,,,,
,,,,,
,,,,,
0.46852377,2.6175277,15.156013,52.968803,76.61502,66.03277
,,,,,
,,,,,
,,,,,
,,,,,
,,,,,
,,,,,
,,,,,
,,,,,
,,,,,
0.065136775,1.7596797,8.026465,29.655972,44.67791,41.426613
,,,,,
,,,,,
,,,,,
,,,,,
,,,,,
,,,,,
,,,,,
,,,,,
,,,,,
0.02268748,1.1841803999999998,4.727672,17.42377,25.964832,24.508015
,,,,,
,,,,,
,,,,,
,,,,,
,,,,,
,,,,,
,,,,,
,,,,,
,,,,,
0.27610633,0.7427409,3.4360983,11.723132,16.291126000000002,15.4630575
,,,,,
,,,,,
,,,,,
,,,,,
,,,,,
,,,,,
,,,,,
,,,,,
,,,,,
,,,,,
,,,,,
,,,,,
,,,,,
,,,,,
,,,,,
,,,,,
,,,,,
,,,,,
,,,,,
,,,,,
,,,,,
,,,,,
,,,,,
,,,,,
,,,,,
,,,,,
,,,,,
,,,,,
,,,,,
,,,,,
,,,,,
,,,,,
,,,,,
,,,,,
,,,,,
,,,,,
,,,,,
,,,,,
,,,,,
,,,,,
,,,,,
,,,,,
,,,,,
,,,,,
,,,,,
,,,,,
,,,,,
,,,,,
,,,,,
,,,,,
,,,,,
,,,,,
,,,,,
,,,,,
,,,,,
,,,,,
,,,,,
,,,,,
,,,,,
,,,,,
,,,,,
,,,,,
,,,,,
,,,,,
,,,,,
,,,,,
,,,,,
,,,,,
,,,,,
,,,,,
,,,,,
,,,,,
,,,,,
,,,,,
,,,,,
,,,,,
,,,,,
,,,,,
,,,,,
,,,,,
,,,,,
,,,,,
,,,,,
,,,,,
,,,,,
,,,,,
,,,,,
,,,,,
,,,,,
,,,,,
,,,,,
,,,,,
,,,,,
,,,,,
,,,,,
,,,,,
,,,,,
,,,,,
,,,,,
,,,,,
,,,,,
,,,,,
,,,,,
,,,,,
,,,,,
,,,,,
,,,,,
