flux_u,flux_g,flux_r,flux_i,flux_z,flux_Y
0.26437047,-0.08881051,0.054222398,0.034364276,0.03148144,-0.060322028
,,,,,
-0.08506273,-0.03995977,-0.124274805,-0.22461818,-0.06255406,-0.040193878
,,,,,
0.1970817,0.085240446,-0.107395336,-0.1891604,0.20781547,-0.08750745
,,,,,
-0.20593838,-0.020509683,-0.1451907,-0.042834647,0.01715376,0.028538179
,,,,,
0.13229015,0.042769115,-0.0797931,0.16375268,-0.19339393,-0.104914
,,,,,
0.04291128,0.056573294,0.14349039,0.028218064,0.0066459402,-0.07598384
,,,,,
0.15971027,0.13057742,-0.027862247000000003,0.044574626,0.10046726,-0.11870063
,,,,,
-0.18092595,-0.0116293775,0.105309494,-0.015603214,-0.13543172,-0.14265129
,,,,,
0.21887028,0.06604807,-0.22438172,0.09855519,-0.23809996,0.28059667
,,,,,
,,,,,
,,,,,
,,,,,
,,,,,
,,,,,
,,,,,
,,,,,
,,,,,
-0.18891263,-0.013029325,-0.06971686,0.08706711,-0.06109665,-0.05236306
,,,,,
,,,,,
,,,,,
,,,,,
,,,,,
,,,,,
,,,,,
,,,,,
,,,,,
0.046128683,0.12421753,0.2971516,-0.09278198,0.14604389999999998,0.01373826
,,,,,
,,,,,
,,,,,
,,,,,
,,,,,
,,,,,
,,,,,
,,,,,
,,,,,
0.034671213,-0.15571877,0.0027559856,-0.13451718,-0.017995864,0.28738526
,,,,,
,,,,,
,,,,,
,,,,,
,,,,,
,,,,,
,,,,,
,,,,,
,,,,,
126.70975,85.59385999999998,45.371098,36.555313,32.286777,31.254179
,,,,,
,,,,,
,,,,,
,,,,,
,,,,,
,,,,,
,,,,,
,,,,,
,,,,,
47.494774,51.96095,43.955254,40.424717,36.176243,37.851147
,,,,,
,,,,,
,,,,,
,,,,,
,,,,,
,,,,,
,,,,,
,,,,,
,,,,,
20.88852,29.464140000000004,31.234266,35.69641,32.083168,32.485096
,,,,,
,,,,,
,,,,,
,,,,,
,,,,,
,,,,,
,,,,,
,,,,,
,,,,,
6.2529483,15.835660999999998,23.806528,28.30908,28.061762,28.883268
,,,,,
,,,,,
,,,,,
,,,,,
,,,,,
,,,,,
,,,,,
,,,,,
,,,,,
1.6099908,8.081855000000001,18.169449,22.944714,25.022903,26.616499
,,,,,
,,,,,
,,,,,
,,,,,
,,,,,
,,,,,
,,,,,
,,,,,
,,,,,
,,,,,
,,,,,
,,,,,
,,,,,
,,,,,
,,,,,
,,,,,
,,,,,
,,,,,
,,,,,
,,,,,
,,,,,
,,,,,
,,,,,
,,,,,
,,,,,
,,,,,
,,,,,
,,,,,
,,,,,
,,,,,
,,,,,
,,,,,
,,,,,
,,,,,
,,,,,
,,,,,
,,,,,
,,,,,
,,,,,
,,,,,
,,,,,
,,,,,
,,,,,
,,,,,
,,,,,
,,,,,
,,,,,
,,,,,
,,,,,
,,,,,
,,,,,
,,,,,
,,,,,
,,,,,
,,,,,
,,,,,
,,,,,
,,,,,
,,,,,
,,,,,
,,,,,
,,,,,
,,,,,
,,,,,
,,,,,
,,,,,
,,,,,
,,,,,
,,,,,
,,,,,
,,,,,
,,,,,
,,,,,
,,,,,
,,,,,
,,,,,
,,,,,
,,,,,
,,,,,
,,,,,
,,,,,
,,,,,
,,,,,
,,,,,
,,,,,
,,,,,
,,,,,
,,,,,
,,,,,
,,,,,
,,,,,
,,,,,
,,,,,
,,,,,
,,,,,
,,,,,
,,,,,
,,,,,
,,,,,
,,,,,
,,,,,
,,,,,
,,,,,
