flux_u,flux_g,flux_r,flux_i,flux_z,flux_Y
0.20521744,-0.31584862,0.09765539,0.14183936,0.0029095411,-0.12897433
,,,,,
0.12133511,0.032017503,0.3128935,-0.1547277,-0.13584733,-0.22364934
,,,,,
0.15526886,-0.053845733,0.06910847,-0.22439516,-0.19083533,-0.25716713
,,,,,
-0.070945606,0.1853789,-0.13237455,0.059984047,0.08607977,-0.16294229999999998
,,,,,
0.046793617,0.056635987,0.00791216,-0.3247495,0.024962,0.08361738
,,,,,
-0.05406687,-0.005444569000000001,0.0030637356,0.20253882,-0.16523942,-0.024901152000000003
,,,,,
-0.062640205,0.06362838,-0.13552514,-0.048045088,0.0017256842000000002,0.11455982
,,,,,
,,,,,
,,,,,
,,,,,
,,,,,
,,,,,
,,,,,
,,,,,
,,,,,
0.1193056,-0.009921988,0.19274774,0.04374502,-0.147483,0.41970232
,,,,,
,,,,,
,,,,,
,,,,,
,,,,,
,,,,,
,,,,,
,,,,,
,,,,,
2.0708206,4.914104,1.2352008,3.4152026,1.4160357,4.9492917
,,,,,
,,,,,
,,,,,
,,,,,
,,,,,
,,,,,
,,,,,
,,,,,
,,,,,
15.196134,42.49136,41.221592,37.47528,31.536343,31.47218
,,,,,
,,,,,
,,,,,
,,,,,
,,,,,
,,,,,
,,,,,
,,,,,
,,,,,
4.6141496,30.899153,48.505394,47.2287,42.44602,39.694386
,,,,,
,,,,,
,,,,,
,,,,,
,,,,,
,,,,,
,,,,,
,,,,,
,,,,,
0.6407653,8.056324,21.896133,19.681017,22.248697,27.274961
,,,,,
,,,,,
,,,,,
,,,,,
,,,,,
,,,,,
,,,,,
,,,,,
,,,,,
0.33252442,3.7182546,13.789360999999998,16.623205,19.576452,23.563091
,,,,,
,,,,,
,,,,,
,,,,,
,,,,,
,,,,,
,,,,,
,,,,,
,,,,,
0.13620967,2.9452543,11.191063,15.377389,17.72265,18.670282
,,,,,
,,,,,
,,,,,
,,,,,
,,,,,
,,,,,
,,,,,
,,,,,
,,,,,
0.15051298,2.530644,9.470629,13.634373000000002,16.121464000000003,12.220607
,,,,,
,,,,,
,,,,,
,,,,,
,,,,,
,,,,,
,,,,,
,,,,,
,,,,,
,,,,,
,,,,,
,,,,,
,,,,,
,,,,,
,,,,,
,,,,,
,,,,,
,,,,,
,,,,,
,,,,,
,,,,,
,,,,,
,,,,,
,,,,,
,,,,,
,,,,,
,,,,,
,,,,,
,,,,,
,,,,,
,,,,,
,,,,,
,,,,,
,,,,,
,,,,,
,,,,,
,,,,,
,,,,,
,,,,,
,,,,,
,,,,,
,,,,,
,,,,,
,,,,,
,,,,,
,,,,,
,,,,,
,,,,,
,,,,,
,,,,,
,,,,,
,,,,,
,,,,,
,,,,,
,,,,,
,,,,,
,,,,,
,,,,,
,,,,,
,,,,,
,,,,,
,,,,,
,,,,,
,,,,,
,,,,,
,,,,,
,,,,,
,,,,,
,,,,,
,,,,,
,,,,,
,,,,,
,,,,,
,,,,,
,,,,,
,,,,,
,,,,,
,,,,,
,,,,,
,,,,,
,,,,,
,,,,,
,,,,,
,,,,,
,,,,,
,,,,,
,,,,,
,,,,,
,,,,,
,,,,,
,,,,,
,,,,,
,,,,,
,,,,,
,,,,,
,,,,,
,,,,,
,,,,,
,,,,,
,,,,,
,,,,,
,,,,,
,,,,,
,,,,,
,,,,,
,,,,,
,,,,,
