flux_u,flux_g,flux_r,flux_i,flux_z,flux_Y
183.1185,198.90776,184.96904,160.8406,141.10991,125.431816
,,,,,
208.71371,228.99883,215.51016,189.48851,166.49168,148.79308999999995
,,,,,
234.49435,261.02313,248.40285,219.67183,193.31117,172.85228
,,,,,
259.02667,293.26584,281.6815200000001,251.25739,221.614,200.00737
,,,,,
282.4648,324.08377,315.30365,283.08676,251.38922,225.03285
,,,,,
305.92172,357.21484,349.55472000000015,316.84332,281.26224,252.83226
,,,,,
328.48065,389.94397,385.22116,349.8038,313.19434,281.06302
,,,,,
350.03754,420.4665,421.20575,383.36893,343.98447000000016,311.05234
,,,,,
370.9505,450.2077,455.7022,418.69885,374.61606,340.1278700000001
,,,,,
389.5861,481.7171,491.60962,454.00665,408.22302,371.72275
,,,,,
410.7278,513.4338,525.7821,489.17245,442.55777,401.7301
,,,,,
429.9663,541.75104,561.575,525.68665,475.083,433.0577
,,,,,
446.40173,570.80975,597.3268,559.9749,510.48904000000016,463.83386
,,,,,
464.13943,599.0316,632.2709,596.03955,544.21625,496.54803
,,,,,
,,,,,
,,,,,
,,,,,
,,,,,
,,,,,
,,,,,
,,,,,
,,,,,
539.94464,738.0594,810.24744,782.05396,720.9465299999997,664.1932
,,,,,
,,,,,
,,,,,
,,,,,
,,,,,
,,,,,
,,,,,
,,,,,
,,,,,
599.028,863.1013,983.9311,967.00793,905.5932,841.967
,,,,,
,,,,,
,,,,,
,,,,,
,,,,,
,,,,,
,,,,,
,,,,,
,,,,,
252.33694,467.69867,638.6171,699.5992,698.0062,676.3417400000002
,,,,,
,,,,,
,,,,,
,,,,,
,,,,,
,,,,,
,,,,,
,,,,,
,,,,,
24.643213,83.23416,172.12167,241.19441,281.6924,301.21042
,,,,,
,,,,,
,,,,,
,,,,,
,,,,,
,,,,,
,,,,,
,,,,,
,,,,,
0.56614846,3.0092678,12.876736,28.687462,45.099354,59.381607
,,,,,
,,,,,
,,,,,
,,,,,
,,,,,
,,,,,
,,,,,
,,,,,
,,,,,
0.34875765,2.456409,11.122944,26.106123,42.52667,57.46349
,,,,,
,,,,,
,,,,,
,,,,,
,,,,,
,,,,,
,,,,,
,,,,,
,,,,,
0.37935922,1.9914417,9.772099,24.691391,41.397713,56.854893
,,,,,
,,,,,
,,,,,
,,,,,
,,,,,
,,,,,
,,,,,
,,,,,
,,,,,
-0.0014292554,1.2835655,8.872518,23.018919,39.51443,56.436207
,,,,,
,,,,,
,,,,,
,,,,,
,,,,,
,,,,,
,,,,,
,,,,,
,,,,,
,,,,,
,,,,,
,,,,,
,,,,,
,,,,,
,,,,,
,,,,,
,,,,,
,,,,,
,,,,,
,,,,,
,,,,,
,,,,,
,,,,,
,,,,,
,,,,,
,,,,,
,,,,,
,,,,,
,,,,,
,,,,,
,,,,,
,,,,,
,,,,,
,,,,,
,,,,,
,,,,,
,,,,,
,,,,,
,,,,,
,,,,,
,,,,,
,,,,,
,,,,,
,,,,,
,,,,,
,,,,,
,,,,,
,,,,,
,,,,,
,,,,,
,,,,,
,,,,,
,,,,,
,,,,,
,,,,,
,,,,,
,,,,,
,,,,,
,,,,,
,,,,,
,,,,,
,,,,,
,,,,,
,,,,,
,,,,,
,,,,,
,,,,,
,,,,,
,,,,,
,,,,,
,,,,,
,,,,,
,,,,,
,,,,,
,,,,,
,,,,,
,,,,,
,,,,,
,,,,,
,,,,,
,,,,,
,,,,,
,,,,,
,,,,,
,,,,,
,,,,,
,,,,,
,,,,,
,,,,,
,,,,,
,,,,,
,,,,,
,,,,,
