flux_u,flux_g,flux_r,flux_i,flux_z,flux_Y
-0.011168414,0.092715286,0.09280479,0.18072776,-0.025101924,0.23616712
,,,,,
-0.23199531,-0.06675901,0.25891733,-0.09112514,-0.31125823,0.14410004
,,,,,
-0.39789125,0.049807668,0.13151693,-0.08886856,0.043329306,-0.031701706
,,,,,
-0.0068931044,0.16051805,-0.216604,0.08330664,-0.14844875,-0.18414176
,,,,,
-0.07482436,0.011689593,0.08457457,-0.13866085,0.0063072336,0.12912138
,,,,,
-0.03377169,0.051938042,-0.018978398,-0.11529856,-0.19020836,-0.12550434
,,,,,
0.20241052,0.31596422,-0.15511243,-0.15367113,-0.058343973,0.009303172
,,,,,
0.17755686,0.008100017,-0.21807958,-0.17578438,-0.35769367,-0.08603488
,,,,,
-0.20698544,-0.0009759985,-0.03847163,0.13202198,-0.024538202,-0.10949457
,,,,,
,,,,,
,,,,,
,,,,,
,,,,,
,,,,,
,,,,,
,,,,,
,,,,,
0.09377059,-0.06357822,-0.292847,-0.03901726,-0.13902119,-0.29053906
,,,,,
,,,,,
,,,,,
,,,,,
,,,,,
,,,,,
,,,,,
,,,,,
,,,,,
0.02992755,0.67547905,2.0831163,3.8166397000000014,4.749204,4.101192500000002
,,,,,
,,,,,
,,,,,
,,,,,
,,,,,
,,,,,
,,,,,
,,,,,
,,,,,
1.4255995,9.342678,34.000820000000004,59.90249,73.462654,63.923447
,,,,,
,,,,,
,,,,,
,,,,,
,,,,,
,,,,,
,,,,,
,,,,,
,,,,,
0.34707254,6.25322,32.325798,84.43151999999998,108.67708600000002,90.6156
,,,,,
,,,,,
,,,,,
,,,,,
,,,,,
,,,,,
,,,,,
,,,,,
,,,,,
0.35469085,1.963353,11.862314,46.295296,70.80089,60.967697
,,,,,
,,,,,
,,,,,
,,,,,
,,,,,
,,,,,
,,,,,
,,,,,
,,,,,
0.20204557,1.4588946000000005,7.007592999999999,26.8616,40.510212,36.31765
,,,,,
,,,,,
,,,,,
,,,,,
,,,,,
,,,,,
,,,,,
,,,,,
,,,,,
0.080447845,1.0050433,4.1727715,15.8221655,22.681007,22.116524
,,,,,
,,,,,
,,,,,
,,,,,
,,,,,
,,,,,
,,,,,
,,,,,
,,,,,
0.09525286,0.7755245,3.537231,11.674553,15.179378,14.166147
,,,,,
,,,,,
,,,,,
,,,,,
,,,,,
,,,,,
,,,,,
,,,,,
,,,,,
,,,,,
,,,,,
,,,,,
,,,,,
,,,,,
,,,,,
,,,,,
,,,,,
,,,,,
,,,,,
,,,,,
,,,,,
,,,,,
,,,,,
,,,,,
,,,,,
,,,,,
,,,,,
,,,,,
,,,,,
,,,,,
,,,,,
,,,,,
,,,,,
,,,,,
,,,,,
,,,,,
,,,,,
,,,,,
,,,,,
,,,,,
,,,,,
,,,,,
,,,,,
,,,,,
,,,,,
,,,,,
,,,,,
,,,,,
,,,,,
,,,,,
,,,,,
,,,,,
,,,,,
,,,,,
,,,,,
,,,,,
,,,,,
,,,,,
,,,,,
,,,,,
,,,,,
,,,,,
,,,,,
,,,,,
,,,,,
,,,,,
,,,,,
,,,,,
,,,,,
,,,,,
,,,,,
,,,,,
,,,,,
,,,,,
,,,,,
,,,,,
,,,,,
,,,,,
,,,,,
,,,,,
,,,,,
,,,,,
,,,,,
,,,,,
,,,,,
,,,,,
,,,,,
,,,,,
,,,,,
,,,,,
,,,,,
,,,,,
,,,,,
,,,,,
,,,,,
,,,,,
,,,,,
,,,,,
,,,,,
,,,,,
,,,,,
,,,,,
,,,,,
