flux_u,flux_g,flux_r,flux_i,flux_z,flux_Y
-0.18142836,0.04916298400000002,-0.08607161,0.07271925,0.011014667,0.009238234
,,,,,
0.22006886,-0.042310163,-0.020474913,0.001998553,-0.17725645,0.15829116
,,,,,
0.042067517,-0.061890632,0.074258775,0.20700096,-0.025115214,0.071602225
,,,,,
0.024835393,-0.09347948,0.28132674,0.06351573,-0.010237905,0.08306770000000001
,,,,,
-0.013730545,-0.23765972,-0.016826391,0.20740399,0.057892095,-0.12628055
,,,,,
-0.038071852,0.09894951,0.12118329,-0.13889699,-0.038612258,0.119093016
,,,,,
,,,,,
,,,,,
,,,,,
,,,,,
,,,,,
,,,,,
,,,,,
,,,,,
-0.17455912,-0.08249047400000001,0.11454260000000002,0.22447188,-0.11090542,0.18086722
,,,,,
,,,,,
,,,,,
,,,,,
,,,,,
,,,,,
,,,,,
,,,,,
,,,,,
0.017904582,0.0012620914,-0.13747235,-0.0020833756,-0.14728484,0.0146145485
,,,,,
,,,,,
,,,,,
,,,,,
,,,,,
,,,,,
,,,,,
,,,,,
,,,,,
0.17510541,0.31796977,0.089861386,-0.04483424,0.2480509,-0.21923843
,,,,,
,,,,,
,,,,,
,,,,,
,,,,,
,,,,,
,,,,,
,,,,,
,,,,,
41.836197,11.83471,8.697330000000001,8.206906,5.4507879999999975,5.3729935
,,,,,
,,,,,
,,,,,
,,,,,
,,,,,
,,,,,
,,,,,
,,,,,
,,,,,
88.59925,57.069794,52.868927,44.79909,34.65505,48.6189
,,,,,
,,,,,
,,,,,
,,,,,
,,,,,
,,,,,
,,,,,
,,,,,
,,,,,
43.270214,59.142635,68.126434,63.488262,60.905487,59.78419
,,,,,
,,,,,
,,,,,
,,,,,
,,,,,
,,,,,
,,,,,
,,,,,
,,,,,
11.960685,33.295235,50.20178,50.200993,47.603565,50.8308
,,,,,
,,,,,
,,,,,
,,,,,
,,,,,
,,,,,
,,,,,
,,,,,
,,,,,
3.886912,15.155462,31.667337,36.550983,35.04827,38.26256
,,,,,
,,,,,
,,,,,
,,,,,
,,,,,
,,,,,
,,,,,
,,,,,
,,,,,
,,,,,
,,,,,
,,,,,
,,,,,
,,,,,
,,,,,
,,,,,
,,,,,
,,,,,
,,,,,
,,,,,
,,,,,
,,,,,
,,,,,
,,,,,
,,,,,
,,,,,
,,,,,
,,,,,
,,,,,
,,,,,
,,,,,
,,,,,
,,,,,
,,,,,
,,,,,
,,,,,
,,,,,
,,,,,
,,,,,
,,,,,
,,,,,
,,,,,
,,,,,
,,,,,
,,,,,
,,,,,
,,,,,
,,,,,
,,,,,
,,,,,
,,,,,
,,,,,
,,,,,
,,,,,
,,,,,
,,,,,
,,,,,
,,,,,
,,,,,
,,,,,
,,,,,
,,,,,
,,,,,
,,,,,
,,,,,
,,,,,
,,,,,
,,,,,
,,,,,
,,,,,
,,,,,
,,,,,
,,,,,
,,,,,
,,,,,
,,,,,
,,,,,
,,,,,
,,,,,
,,,,,
,,,,,
,,,,,
,,,,,
,,,,,
,,,,,
,,,,,
,,,,,
,,,,,
,,,,,
,,,,,
,,,,,
,,,,,
,,,,,
,,,,,
,,,,,
,,,,,
,,,,,
,,,,,
,,,,,
,,,,,
,,,,,
,,,,,
,,,,,
,,,,,
,,,,,
,,,,,
,,,,,
,,,,,
,,,,,
