flux_u,flux_g,flux_r,flux_i,flux_z,flux_Y
-0.09248887,0.026213495,0.24747121,-0.21861015,-0.030379957000000006,-0.24681103
,,,,,
0.052552342,-0.27389246,0.0465275,0.13608216,0.050120346,0.23297428
,,,,,
0.21972123,0.19314755,-0.14348137,0.025751654,0.03053958,-0.12627843
,,,,,
-0.022553023,0.0066112406,-0.09055965,-0.031027067,0.011815234,0.095439225
,,,,,
0.115953624,0.24496655,0.06648719,0.12996997,-0.097977504,0.06212189
,,,,,
0.0068615284,0.012603295,-0.07971534,-0.054517023,-0.061166156,0.086241625
,,,,,
-0.07440885,0.014373369,-0.12739354,0.018821802,-0.110437445,0.10737839999999996
,,,,,
0.14524178,-0.059963576,-0.13393661,0.033125706,-0.010594749,-0.022340776
,,,,,
0.12557054,0.09824714,-0.022693718,-0.1684487,0.11859962,-0.10418531
,,,,,
-0.23140566,0.078990966,-0.11829355,0.061023645,0.15021835,0.26929912
,,,,,
-0.41964233,0.0058357264,-0.27203086,0.35806036,0.12620161,0.12555973
,,,,,
,,,,,
,,,,,
,,,,,
,,,,,
,,,,,
,,,,,
,,,,,
,,,,,
0.20487581,0.03972955,0.07838286,-0.3278571,-0.04166755,-0.07882164
,,,,,
,,,,,
,,,,,
,,,,,
,,,,,
,,,,,
,,,,,
,,,,,
,,,,,
0.13841936,-0.17399615,0.17988184,-0.20755093,0.094051905,-0.051833797
,,,,,
,,,,,
,,,,,
,,,,,
,,,,,
,,,,,
,,,,,
,,,,,
,,,,,
62.702114,35.679874,23.170418,18.87567,17.149832,16.61184
,,,,,
,,,,,
,,,,,
,,,,,
,,,,,
,,,,,
,,,,,
,,,,,
,,,,,
35.121340000000004,42.422054,37.545338,36.755283,36.69185,38.03765
,,,,,
,,,,,
,,,,,
,,,,,
,,,,,
,,,,,
,,,,,
,,,,,
,,,,,
19.989819,21.445065,30.962156,33.739697,33.672108,34.23163
,,,,,
,,,,,
,,,,,
,,,,,
,,,,,
,,,,,
,,,,,
,,,,,
,,,,,
8.136519999999999,11.423042,23.853674,28.92352,31.297298,32.04623
,,,,,
,,,,,
,,,,,
,,,,,
,,,,,
,,,,,
,,,,,
,,,,,
,,,,,
2.122178,5.898482,18.622171,25.158249,29.378002,31.54819
,,,,,
,,,,,
,,,,,
,,,,,
,,,,,
,,,,,
,,,,,
,,,,,
,,,,,
0.41625434,3.691547,14.9603,23.916553,28.388802,31.257277
,,,,,
,,,,,
,,,,,
,,,,,
,,,,,
,,,,,
,,,,,
,,,,,
,,,,,
,,,,,
,,,,,
,,,,,
,,,,,
,,,,,
,,,,,
,,,,,
,,,,,
,,,,,
,,,,,
,,,,,
,,,,,
,,,,,
,,,,,
,,,,,
,,,,,
,,,,,
,,,,,
,,,,,
,,,,,
,,,,,
,,,,,
,,,,,
,,,,,
,,,,,
,,,,,
,,,,,
,,,,,
,,,,,
,,,,,
,,,,,
,,,,,
,,,,,
,,,,,
,,,,,
,,,,,
,,,,,
,,,,,
,,,,,
,,,,,
,,,,,
,,,,,
,,,,,
,,,,,
,,,,,
,,,,,
,,,,,
,,,,,
,,,,,
,,,,,
,,,,,
,,,,,
,,,,,
,,,,,
,,,,,
,,,,,
,,,,,
,,,,,
,,,,,
,,,,,
,,,,,
,,,,,
,,,,,
,,,,,
,,,,,
,,,,,
,,,,,
,,,,,
,,,,,
,,,,,
,,,,,
,,,,,
,,,,,
,,,,,
,,,,,
,,,,,
,,,,,
,,,,,
,,,,,
,,,,,
,,,,,
,,,,,
,,,,,
,,,,,
,,,,,
,,,,,
,,,,,
,,,,,
,,,,,
,,,,,
