flux_u,flux_g,flux_r,flux_i,flux_z,flux_Y
0.29231557,0.105303206,-0.12668185,0.12838914,0.1776125,0.21959443
,,,,,
0.10634007,0.07053502,-0.15913138,-0.25428316,-0.037008755,-0.061410766
,,,,,
-0.090624616,-0.052451797,0.08361524,0.11299999,-0.04369359,0.37067378
,,,,,
0.020689854,-0.02145373,-0.09050281,0.26723522,-0.09101157,0.11058328
,,,,,
0.1900417,-0.18582846,0.22655497,0.055415917,0.07179024,-0.027797304
,,,,,
0.1291943,0.08733629400000001,0.111343615,0.16485170000000002,-0.047082342,-0.0070163496
,,,,,
0.29149383,-0.07176935,0.061888877,-0.027841542,0.15241309,-0.00796422
,,,,,
-0.20000091,0.1839409,0.17639935,0.05499207,-0.15948528,-0.08334793
,,,,,
,,,,,
,,,,,
,,,,,
,,,,,
,,,,,
,,,,,
,,,,,
,,,,,
0.10183585,0.11620353,-0.112023085,0.17922081,0.095074065,0.007313701999999998
,,,,,
,,,,,
,,,,,
,,,,,
,,,,,
,,,,,
,,,,,
,,,,,
,,,,,
-0.19796684,0.25116158,0.072118066,-0.2955373,0.16430207,0.20808192
,,,,,
,,,,,
,,,,,
,,,,,
,,,,,
,,,,,
,,,,,
,,,,,
,,,,,
0.10104444,1.2859321,7.657697,9.436429,11.825114,10.200241
,,,,,
,,,,,
,,,,,
,,,,,
,,,,,
,,,,,
,,,,,
,,,,,
,,,,,
0.25538018,3.31685,21.031593,32.591465,37.072666,35.067609999999995
,,,,,
,,,,,
,,,,,
,,,,,
,,,,,
,,,,,
,,,,,
,,,,,
,,,,,
0.7866298,3.49777,24.947176,41.437687,53.130024,50.178555
,,,,,
,,,,,
,,,,,
,,,,,
,,,,,
,,,,,
,,,,,
,,,,,
,,,,,
0.14062452,1.3718117,11.663923,24.129995,38.653015,44.73954000000001
,,,,,
,,,,,
,,,,,
,,,,,
,,,,,
,,,,,
,,,,,
,,,,,
,,,,,
0.27369583,0.38584384,5.1024437,12.991271,24.913027,33.42009
,,,,,
,,,,,
,,,,,
,,,,,
,,,,,
,,,,,
,,,,,
,,,,,
,,,,,
0.025339568,0.10845544,3.257037,8.761102000000001,16.762756,24.984627
,,,,,
,,,,,
,,,,,
,,,,,
,,,,,
,,,,,
,,,,,
,,,,,
,,,,,
,,,,,
,,,,,
,,,,,
,,,,,
,,,,,
,,,,,
,,,,,
,,,,,
,,,,,
,,,,,
,,,,,
,,,,,
,,,,,
,,,,,
,,,,,
,,,,,
,,,,,
,,,,,
,,,,,
,,,,,
,,,,,
,,,,,
,,,,,
,,,,,
,,,,,
,,,,,
,,,,,
,,,,,
,,,,,
,,,,,
,,,,,
,,,,,
,,,,,
,,,,,
,,,,,
,,,,,
,,,,,
,,,,,
,,,,,
,,,,,
,,,,,
,,,,,
,,,,,
,,,,,
,,,,,
,,,,,
,,,,,
,,,,,
,,,,,
,,,,,
,,,,,
,,,,,
,,,,,
,,,,,
,,,,,
,,,,,
,,,,,
,,,,,
,,,,,
,,,,,
,,,,,
,,,,,
,,,,,
,,,,,
,,,,,
,,,,,
,,,,,
,,,,,
,,,,,
,,,,,
,,,,,
,,,,,
,,,,,
,,,,,
,,,,,
,,,,,
,,,,,
,,,,,
,,,,,
,,,,,
,,,,,
,,,,,
,,,,,
,,,,,
,,,,,
,,,,,
,,,,,
,,,,,
,,,,,
,,,,,
,,,,,
,,,,,
,,,,,
,,,,,
,,,,,
,,,,,
