flux_u,flux_g,flux_r,flux_i,flux_z,flux_Y
0.23656957,0.09067259,-0.18549456,0.085416965,-0.11467202,-0.06332309
,,,,,
-0.10026564,0.0632769,0.013363868,0.06927727,0.05853006,-0.27217162
,,,,,
-0.09852733,0.049194276,0.13376853,0.09766419,0.012334851,0.3212108
,,,,,
0.06117237,-0.06461231,-0.05567875,-0.058132872,0.1096217,-0.12991689999999995
,,,,,
0.05528943,0.15190972,0.32806218,0.35931929999999995,-0.042465296,-0.26912004
,,,,,
0.0039351247,0.12311873,-0.07684935,0.017929962,0.09087903,-0.044041112
,,,,,
,,,,,
,,,,,
,,,,,
,,,,,
,,,,,
,,,,,
,,,,,
,,,,,
-0.05684814,-0.06960627,0.24835648,-0.029442593,-0.105240636,-0.003768634
,,,,,
,,,,,
,,,,,
,,,,,
,,,,,
,,,,,
,,,,,
,,,,,
,,,,,
0.23844254,0.32643816,0.5076009,0.6371519,0.85300255,1.4400378
,,,,,
,,,,,
,,,,,
,,,,,
,,,,,
,,,,,
,,,,,
,,,,,
,,,,,
0.84473425,3.1015813,7.2215724,12.264551,13.443078,17.337517000000002
,,,,,
,,,,,
,,,,,
,,,,,
,,,,,
,,,,,
,,,,,
,,,,,
,,,,,
0.6796308000000001,4.293143,17.305836,29.465319,34.288837,38.158726
,,,,,
,,,,,
,,,,,
,,,,,
,,,,,
,,,,,
,,,,,
,,,,,
,,,,,
0.66171795,2.7077818,18.45037,32.92478,42.882526,45.775375
,,,,,
,,,,,
,,,,,
,,,,,
,,,,,
,,,,,
,,,,,
,,,,,
,,,,,
0.28852502,1.2201352,12.567421,26.377821,37.746094,41.25973
,,,,,
,,,,,
,,,,,
,,,,,
,,,,,
,,,,,
,,,,,
,,,,,
,,,,,
0.24064407,0.49953082,7.0630880000000005,17.849703,28.445885,32.69634
,,,,,
,,,,,
,,,,,
,,,,,
,,,,,
,,,,,
,,,,,
,,,,,
,,,,,
0.10929472,0.6243156,5.012069,12.064545,20.2473,24.735025
,,,,,
,,,,,
,,,,,
,,,,,
,,,,,
,,,,,
,,,,,
,,,,,
,,,,,
,,,,,
,,,,,
,,,,,
,,,,,
,,,,,
,,,,,
,,,,,
,,,,,
,,,,,
,,,,,
,,,,,
,,,,,
,,,,,
,,,,,
,,,,,
,,,,,
,,,,,
,,,,,
,,,,,
,,,,,
,,,,,
,,,,,
,,,,,
,,,,,
,,,,,
,,,,,
,,,,,
,,,,,
,,,,,
,,,,,
,,,,,
,,,,,
,,,,,
,,,,,
,,,,,
,,,,,
,,,,,
,,,,,
,,,,,
,,,,,
,,,,,
,,,,,
,,,,,
,,,,,
,,,,,
,,,,,
,,,,,
,,,,,
,,,,,
,,,,,
,,,,,
,,,,,
,,,,,
,,,,,
,,,,,
,,,,,
,,,,,
,,,,,
,,,,,
,,,,,
,,,,,
,,,,,
,,,,,
,,,,,
,,,,,
,,,,,
,,,,,
,,,,,
,,,,,
,,,,,
,,,,,
,,,,,
,,,,,
,,,,,
,,,,,
,,,,,
,,,,,
,,,,,
,,,,,
,,,,,
,,,,,
,,,,,
,,,,,
,,,,,
,,,,,
,,,,,
,,,,,
,,,,,
,,,,,
,,,,,
,,,,,
,,,,,
,,,,,
,,,,,
,,,,,
,,,,,
,,,,,
,,,,,
,,,,,
,,,,,
