flux_u,flux_g,flux_r,flux_i,flux_z,flux_Y
-0.045936655,0.16341579,0.13921721,-0.101869546,0.18460767,0.26145315
,,,,,
0.06635868,-0.0319907,-0.096922755,0.1001466,0.057286825,0.024517817
,,,,,
-0.103994355,0.08324378,0.08253679,0.13029692,0.15784869,-0.100157954
,,,,,
-0.060202908,0.037417214,-0.33881035,-0.13008544,-0.10119665,0.09947894
,,,,,
-0.19067393,0.018994626,0.21078852,0.040920332,-0.01456898,0.33508968
,,,,,
0.07751711,0.36319283,0.30844155,-0.23287426,-0.1562488,0.22047499
,,,,,
0.17252332,-0.016543709,-0.095178664,-0.08817104,-0.06709597,0.031480476
,,,,,
-0.14540139,0.11429693,-0.12877016,0.1936912,-0.07875323,-0.15492764
,,,,,
-0.065768845,0.13597752,-0.053461265,-0.08925153,0.09962752,-0.08136645
,,,,,
,,,,,
,,,,,
,,,,,
,,,,,
,,,,,
,,,,,
,,,,,
,,,,,
-0.18675163,-0.18360104,0.09398399,0.002411504,-0.027218537,-0.07287063
,,,,,
,,,,,
,,,,,
,,,,,
,,,,,
,,,,,
,,,,,
,,,,,
,,,,,
0.034025457,-0.060570274,-0.0064719887,0.10780062,0.28412202,0.10786991
,,,,,
,,,,,
,,,,,
,,,,,
,,,,,
,,,,,
,,,,,
,,,,,
,,,,,
10.05255,4.8858757000000015,1.9699546,1.7338744,1.1880902,1.0650282
,,,,,
,,,,,
,,,,,
,,,,,
,,,,,
,,,,,
,,,,,
,,,,,
,,,,,
94.40357,67.55954,33.95639,31.338898,30.109135,30.420818
,,,,,
,,,,,
,,,,,
,,,,,
,,,,,
,,,,,
,,,,,
,,,,,
,,,,,
31.335157,38.071144,30.68927,28.99152,28.439035,31.147577
,,,,,
,,,,,
,,,,,
,,,,,
,,,,,
,,,,,
,,,,,
,,,,,
,,,,,
18.166294,18.86056,24.98259,26.29066,25.89546,26.509138
,,,,,
,,,,,
,,,,,
,,,,,
,,,,,
,,,,,
,,,,,
,,,,,
,,,,,
5.74907,9.985229,18.927408,21.69713,23.651854,23.864521
,,,,,
,,,,,
,,,,,
,,,,,
,,,,,
,,,,,
,,,,,
,,,,,
,,,,,
1.4341482,5.658677,14.875535,19.444895,21.805754,23.179659
,,,,,
,,,,,
,,,,,
,,,,,
,,,,,
,,,,,
,,,,,
,,,,,
,,,,,
,,,,,
,,,,,
,,,,,
,,,,,
,,,,,
,,,,,
,,,,,
,,,,,
,,,,,
,,,,,
,,,,,
,,,,,
,,,,,
,,,,,
,,,,,
,,,,,
,,,,,
,,,,,
,,,,,
,,,,,
,,,,,
,,,,,
,,,,,
,,,,,
,,,,,
,,,,,
,,,,,
,,,,,
,,,,,
,,,,,
,,,,,
,,,,,
,,,,,
,,,,,
,,,,,
,,,,,
,,,,,
,,,,,
,,,,,
,,,,,
,,,,,
,,,,,
,,,,,
,,,,,
,,,,,
,,,,,
,,,,,
,,,,,
,,,,,
,,,,,
,,,,,
,,,,,
,,,,,
,,,,,
,,,,,
,,,,,
,,,,,
,,,,,
,,,,,
,,,,,
,,,,,
,,,,,
,,,,,
,,,,,
,,,,,
,,,,,
,,,,,
,,,,,
,,,,,
,,,,,
,,,,,
,,,,,
,,,,,
,,,,,
,,,,,
,,,,,
,,,,,
,,,,,
,,,,,
,,,,,
,,,,,
,,,,,
,,,,,
,,,,,
,,,,,
,,,,,
,,,,,
,,,,,
,,,,,
,,,,,
,,,,,
,,,,,
,,,,,
,,,,,
