flux_u,flux_g,flux_r,flux_i,flux_z,flux_Y
0.28245527,-0.09414355,-0.029230407000000007,0.10605652,-0.039854143,0.19991444
,,,,,
-0.027728291,-0.24820404,0.19760339,0.2783909,0.09694553,0.06355594
,,,,,
0.15650284,0.07528048,0.14974533,0.1370253,0.29143015,0.15227167
,,,,,
-0.31197837,-0.006194249000000001,0.24590528,0.049796194,-0.2938863,-0.04606498
,,,,,
-0.22982132,0.081177145,-0.14708336,-0.04774559,-0.21023926,-0.009378938
,,,,,
0.024679016,-0.28184345,0.27565598,0.14042193,-0.054091245,0.052183595
,,,,,
-0.08534031,0.02788478,-0.14246765,-0.21140094,0.084813796,0.22357368
,,,,,
0.08132707,-0.058152564,-0.09092735,0.015191875,0.006109617,-0.10191369
,,,,,
-0.03808023,0.098616354,-0.059034575,-0.13439205,0.03078019,0.17197108
,,,,,
,,,,,
,,,,,
,,,,,
,,,,,
,,,,,
,,,,,
,,,,,
,,,,,
-0.05105284,-0.035858043,-0.102088794,0.036300864,-4.9974372999999986e-05,-0.22466877
,,,,,
,,,,,
,,,,,
,,,,,
,,,,,
,,,,,
,,,,,
,,,,,
,,,,,
0.09197762,0.22142948,-0.05452211,0.10134678,0.026689403,-0.06859777
,,,,,
,,,,,
,,,,,
,,,,,
,,,,,
,,,,,
,,,,,
,,,,,
,,,,,
-0.120287605,-0.10556393,-0.058607996,-0.07644628,-0.28947670000000003,-0.15572165
,,,,,
,,,,,
,,,,,
,,,,,
,,,,,
,,,,,
,,,,,
,,,,,
,,,,,
15.312238,16.040081,15.375258,10.851657,10.323924,10.603492
,,,,,
,,,,,
,,,,,
,,,,,
,,,,,
,,,,,
,,,,,
,,,,,
,,,,,
26.56680900000001,26.964117,27.926908,23.403507,22.908224,20.044016
,,,,,
,,,,,
,,,,,
,,,,,
,,,,,
,,,,,
,,,,,
,,,,,
,,,,,
23.263086,25.49777000000001,28.333492,27.351019,22.504768,22.483047
,,,,,
,,,,,
,,,,,
,,,,,
,,,,,
,,,,,
,,,,,
,,,,,
,,,,,
13.607168,17.889751,23.105633,22.343285,22.848902,21.592495
,,,,,
,,,,,
,,,,,
,,,,,
,,,,,
,,,,,
,,,,,
,,,,,
,,,,,
4.1371837,8.596032000000001,12.511186,15.038842,16.144053,16.378426
,,,,,
,,,,,
,,,,,
,,,,,
,,,,,
,,,,,
,,,,,
,,,,,
,,,,,
,,,,,
,,,,,
,,,,,
,,,,,
,,,,,
,,,,,
,,,,,
,,,,,
,,,,,
,,,,,
,,,,,
,,,,,
,,,,,
,,,,,
,,,,,
,,,,,
,,,,,
,,,,,
,,,,,
,,,,,
,,,,,
,,,,,
,,,,,
,,,,,
,,,,,
,,,,,
,,,,,
,,,,,
,,,,,
,,,,,
,,,,,
,,,,,
,,,,,
,,,,,
,,,,,
,,,,,
,,,,,
,,,,,
,,,,,
,,,,,
,,,,,
,,,,,
,,,,,
,,,,,
,,,,,
,,,,,
,,,,,
,,,,,
,,,,,
,,,,,
,,,,,
,,,,,
,,,,,
,,,,,
,,,,,
,,,,,
,,,,,
,,,,,
,,,,,
,,,,,
,,,,,
,,,,,
,,,,,
,,,,,
,,,,,
,,,,,
,,,,,
,,,,,
,,,,,
,,,,,
,,,,,
,,,,,
,,,,,
,,,,,
,,,,,
,,,,,
,,,,,
,,,,,
,,,,,
,,,,,
,,,,,
,,,,,
,,,,,
,,,,,
,,,,,
,,,,,
,,,,,
,,,,,
,,,,,
,,,,,
,,,,,
,,,,,
,,,,,
,,,,,
