flux_u,flux_g,flux_r,flux_i,flux_z,flux_Y
0.0819353,0.072431825,0.047308963,0.18333483,-0.085671976,-0.08840045
,,,,,
0.08311528,0.13543628,0.12326411,-0.009289887,-0.06394755,0.017095834
,,,,,
0.007780995699999999,-0.1950415,-0.015521958,-0.08843748,-0.2737745,0.110645026
,,,,,
0.10482465,0.039964706,0.0010467574,-0.25168517,0.013745005,0.20102628
,,,,,
0.04028569,-0.08802881,-0.18839554,-0.25928092,-0.34581137,0.19573584
,,,,,
-0.10205742,-0.15603927,0.06518925,0.19555658,0.025090128,-0.19891013
,,,,,
-0.018240761,-0.2105132,-0.22591190000000005,-0.15928882,-0.2285508,0.11911778
,,,,,
-0.0746063,-0.059172917,0.13898876,0.069020204,-0.1955776,0.007666300999999999
,,,,,
0.030609693,-0.08077629,-0.28282654,-0.06370184,-0.10899234,-0.010805809
,,,,,
0.25539783,-0.11997819,-0.13510202,0.113620535,0.070317015,-0.10761449
,,,,,
-0.068700165,-0.17235212,0.1427251,-0.05761806,-0.09307505,-0.072656415
,,,,,
,,,,,
,,,,,
,,,,,
,,,,,
,,,,,
,,,,,
,,,,,
,,,,,
-0.045804676,-0.03303745,-0.11587388,-0.08750287,-0.18961076,0.2632099
,,,,,
,,,,,
,,,,,
,,,,,
,,,,,
,,,,,
,,,,,
,,,,,
,,,,,
3.8106217,10.352055,18.24367,23.396479,26.022758,26.988342
,,,,,
,,,,,
,,,,,
,,,,,
,,,,,
,,,,,
,,,,,
,,,,,
,,,,,
2.8937128,12.290936,26.803625,39.908886,47.65721,52.185356
,,,,,
,,,,,
,,,,,
,,,,,
,,,,,
,,,,,
,,,,,
,,,,,
,,,,,
0.8130105,6.016108,18.360567,32.922626,44.701897,52.472973
,,,,,
,,,,,
,,,,,
,,,,,
,,,,,
,,,,,
,,,,,
,,,,,
,,,,,
-0.29794535,2.0646563,8.328216000000001,18.732433,29.452274,37.96805
,,,,,
,,,,,
,,,,,
,,,,,
,,,,,
,,,,,
,,,,,
,,,,,
,,,,,
-0.18889986,0.38452485,3.200293,9.501632,17.005707,24.50285
,,,,,
,,,,,
,,,,,
,,,,,
,,,,,
,,,,,
,,,,,
,,,,,
,,,,,
0.011905297,-0.012080705,1.288944,4.9938173,10.080795,15.826193
,,,,,
,,,,,
,,,,,
,,,,,
,,,,,
,,,,,
,,,,,
,,,,,
,,,,,
-0.21057998,0.033957757000000005,0.23746216,2.512041,6.0213175,10.573818
,,,,,
,,,,,
,,,,,
,,,,,
,,,,,
,,,,,
,,,,,
,,,,,
,,,,,
,,,,,
,,,,,
,,,,,
,,,,,
,,,,,
,,,,,
,,,,,
,,,,,
,,,,,
,,,,,
,,,,,
,,,,,
,,,,,
,,,,,
,,,,,
,,,,,
,,,,,
,,,,,
,,,,,
,,,,,
,,,,,
,,,,,
,,,,,
,,,,,
,,,,,
,,,,,
,,,,,
,,,,,
,,,,,
,,,,,
,,,,,
,,,,,
,,,,,
,,,,,
,,,,,
,,,,,
,,,,,
,,,,,
,,,,,
,,,,,
,,,,,
,,,,,
,,,,,
,,,,,
,,,,,
,,,,,
,,,,,
,,,,,
,,,,,
,,,,,
,,,,,
,,,,,
,,,,,
,,,,,
,,,,,
,,,,,
,,,,,
,,,,,
,,,,,
,,,,,
,,,,,
,,,,,
,,,,,
,,,,,
,,,,,
,,,,,
,,,,,
,,,,,
,,,,,
,,,,,
,,,,,
,,,,,
,,,,,
,,,,,
,,,,,
,,,,,
,,,,,
,,,,,
,,,,,
,,,,,
,,,,,
,,,,,
,,,,,
,,,,,
,,,,,
,,,,,
,,,,,
,,,,,
,,,,,
,,,,,
