flux_u,flux_g,flux_r,flux_i,flux_z,flux_Y
-0.07818862,-0.1087083,0.17286135,-0.088015445,0.09519282,-0.11598371
,,,,,
-0.2104554,0.14443652,0.05767262,-0.011349347,0.13597119,0.04691834
,,,,,
-0.012145212,-0.12093944,-0.19756779,-0.096139334,0.053293325,-0.19138716
,,,,,
0.22995076,0.18418449,0.06654869,0.12245793,0.029644148,0.033324223
,,,,,
-0.15482183,0.047821816,0.05026694,-0.16132258,-0.12260145,0.020652277
,,,,,
-0.20665379,0.042512354,0.16437276,-0.078664556,0.03932616,0.11816629
,,,,,
,,,,,
,,,,,
,,,,,
,,,,,
,,,,,
,,,,,
,,,,,
,,,,,
0.09620318,0.005324443000000001,0.11710595,0.26376435,0.06076708400000001,0.043401845
,,,,,
,,,,,
,,,,,
,,,,,
,,,,,
,,,,,
,,,,,
,,,,,
,,,,,
-0.02686724,-0.15822546,0.09187299,0.14982459,0.06283392,-0.019973017
,,,,,
,,,,,
,,,,,
,,,,,
,,,,,
,,,,,
,,,,,
,,,,,
,,,,,
-0.003445053,0.3239618,2.143751,3.608638,4.560653,5.226180599999998
,,,,,
,,,,,
,,,,,
,,,,,
,,,,,
,,,,,
,,,,,
,,,,,
,,,,,
0.36464033,3.8953607,18.038519,33.664590000000004,43.27485,46.880337
,,,,,
,,,,,
,,,,,
,,,,,
,,,,,
,,,,,
,,,,,
,,,,,
,,,,,
0.114508495,2.1576772,15.183720999999998,42.077,57.891884,66.65704000000001
,,,,,
,,,,,
,,,,,
,,,,,
,,,,,
,,,,,
,,,,,
,,,,,
,,,,,
-0.18012609999999998,0.89068824,5.511979599999999,21.98917,34.614754,46.758854
,,,,,
,,,,,
,,,,,
,,,,,
,,,,,
,,,,,
,,,,,
,,,,,
,,,,,
0.23133339,0.37671167,3.5096822,13.635598000000002,20.47665,27.981773
,,,,,
,,,,,
,,,,,
,,,,,
,,,,,
,,,,,
,,,,,
,,,,,
,,,,,
-0.13909476,0.5346671,2.3600488,8.292786999999999,12.512597,16.639657999999994
,,,,,
,,,,,
,,,,,
,,,,,
,,,,,
,,,,,
,,,,,
,,,,,
,,,,,
,,,,,
,,,,,
,,,,,
,,,,,
,,,,,
,,,,,
,,,,,
,,,,,
,,,,,
,,,,,
,,,,,
,,,,,
,,,,,
,,,,,
,,,,,
,,,,,
,,,,,
,,,,,
,,,,,
,,,,,
,,,,,
,,,,,
,,,,,
,,,,,
,,,,,
,,,,,
,,,,,
,,,,,
,,,,,
,,,,,
,,,,,
,,,,,
,,,,,
,,,,,
,,,,,
,,,,,
,,,,,
,,,,,
,,,,,
,,,,,
,,,,,
,,,,,
,,,,,
,,,,,
,,,,,
,,,,,
,,,,,
,,,,,
,,,,,
,,,,,
,,,,,
,,,,,
,,,,,
,,,,,
,,,,,
,,,,,
,,,,,
,,,,,
,,,,,
,,,,,
,,,,,
,,,,,
,,,,,
,,,,,
,,,,,
,,,,,
,,,,,
,,,,,
,,,,,
,,,,,
,,,,,
,,,,,
,,,,,
,,,,,
,,,,,
,,,,,
,,,,,
,,,,,
,,,,,
,,,,,
,,,,,
,,,,,
,,,,,
,,,,,
,,,,,
,,,,,
,,,,,
,,,,,
,,,,,
,,,,,
,,,,,
,,,,,
,,,,,
,,,,,
,,,,,
,,,,,
,,,,,
,,,,,
,,,,,
,,,,,
