flux_u,flux_g,flux_r,flux_i,flux_z,flux_Y
0.006623431,0.05944847,-0.03358031,-0.14922304,0.095166095,0.15440573
,,,,,
0.029677844,0.31486076,-0.19451964,-0.034736357999999995,-0.16649935,0.04791025
,,,,,
-0.033529717,0.001009376,-0.13876678,0.07270943,0.028956063,-0.34042767
,,,,,
-0.06209341,-0.081085406,-0.0047066016,-0.12391248,0.12197697,-0.11344731
,,,,,
-0.17672208,-0.17662679,0.12005454,0.08387186,-0.054285508,-0.08375592
,,,,,
0.20666106,0.11903589,-0.08760503,0.049484298,-0.08403809,0.14506505
,,,,,
,,,,,
,,,,,
,,,,,
,,,,,
,,,,,
,,,,,
,,,,,
,,,,,
0.045532763,0.0007757637599999997,0.08304915,-0.057940215,0.052886654000000005,0.19574441
,,,,,
,,,,,
,,,,,
,,,,,
,,,,,
,,,,,
,,,,,
,,,,,
,,,,,
0.19708951,-0.06622314,0.12547442,0.25711772,-0.06677992,-0.026872935
,,,,,
,,,,,
,,,,,
,,,,,
,,,,,
,,,,,
,,,,,
,,,,,
,,,,,
0.025817169,0.038384564,0.42788175,1.2266977,1.2125896,1.7083433999999995
,,,,,
,,,,,
,,,,,
,,,,,
,,,,,
,,,,,
,,,,,
,,,,,
,,,,,
0.26891667,2.2983239,8.417294,17.965448000000006,23.139029,26.104256
,,,,,
,,,,,
,,,,,
,,,,,
,,,,,
,,,,,
,,,,,
,,,,,
,,,,,
0.07845686,1.9519916,8.397789,26.702482,40.759747,44.78233
,,,,,
,,,,,
,,,,,
,,,,,
,,,,,
,,,,,
,,,,,
,,,,,
,,,,,
0.043409705,0.87995636,2.8687775,11.892079,29.669535,34.59271
,,,,,
,,,,,
,,,,,
,,,,,
,,,,,
,,,,,
,,,,,
,,,,,
,,,,,
-0.21275975,0.43608198,1.953619,6.825904,17.612164,20.937313
,,,,,
,,,,,
,,,,,
,,,,,
,,,,,
,,,,,
,,,,,
,,,,,
,,,,,
0.033774767000000004,0.4377564000000001,1.3715616000000002,4.4612612999999985,11.16514,12.843067
,,,,,
,,,,,
,,,,,
,,,,,
,,,,,
,,,,,
,,,,,
,,,,,
,,,,,
,,,,,
,,,,,
,,,,,
,,,,,
,,,,,
,,,,,
,,,,,
,,,,,
,,,,,
,,,,,
,,,,,
,,,,,
,,,,,
,,,,,
,,,,,
,,,,,
,,,,,
,,,,,
,,,,,
,,,,,
,,,,,
,,,,,
,,,,,
,,,,,
,,,,,
,,,,,
,,,,,
,,,,,
,,,,,
,,,,,
,,,,,
,,,,,
,,,,,
,,,,,
,,,,,
,,,,,
,,,,,
,,,,,
,,,,,
,,,,,
,,,,,
,,,,,
,,,,,
,,,,,
,,,,,
,,,,,
,,,,,
,,,,,
,,,,,
,,,,,
,,,,,
,,,,,
,,,,,
,,,,,
,,,,,
,,,,,
,,,,,
,,,,,
,,,,,
,,,,,
,,,,,
,,,,,
,,,,,
,,,,,
,,,,,
,,,,,
,,,,,
,,,,,
,,,,,
,,,,,
,,,,,
,,,,,
,,,,,
,,,,,
,,,,,
,,,,,
,,,,,
,,,,,
,,,,,
,,,,,
,,,,,
,,,,,
,,,,,
,,,,,
,,,,,
,,,,,
,,,,,
,,,,,
,,,,,
,,,,,
,,,,,
,,,,,
,,,,,
,,,,,
,,,,,
,,,,,
,,,,,
,,,,,
,,,,,
,,,,,
