flux_u,flux_g,flux_r,flux_i,flux_z,flux_Y
0.011444722,0.022420628,-0.29162467,0.05413695,-0.30370718,0.027364269
,,,,,
-0.0019775883,0.000115760835,-0.050569817,-0.06987201,0.06258352,-0.1312249
,,,,,
-0.049754124,0.0037121752,-0.041428268,0.012712401000000002,0.012781319,-0.037701637
,,,,,
-0.10468814,-0.03249849,0.25112623,0.095278025,0.44770655,-0.13190988
,,,,,
0.018577678,-0.077743664,0.3223623,0.052692268,-0.11866348,-0.061003327
,,,,,
,,,,,
,,,,,
,,,,,
,,,,,
,,,,,
,,,,,
,,,,,
,,,,,
0.07859664400000001,0.2998587,0.013329376,-0.00038147563,0.30223933,0.03621628
,,,,,
,,,,,
,,,,,
,,,,,
,,,,,
,,,,,
,,,,,
,,,,,
,,,,,
-0.02178701,0.07378134,0.16288827,0.07741227,-0.042425774000000006,0.16003792
,,,,,
,,,,,
,,,,,
,,,,,
,,,,,
,,,,,
,,,,,
,,,,,
,,,,,
0.023926554,1.6145362,6.913512700000001,6.555886,4.17946,5.041745
,,,,,
,,,,,
,,,,,
,,,,,
,,,,,
,,,,,
,,,,,
,,,,,
,,,,,
0.32746264,4.7545285,14.508938,16.695684,14.378606,14.491806
,,,,,
,,,,,
,,,,,
,,,,,
,,,,,
,,,,,
,,,,,
,,,,,
,,,,,
-0.041224387,4.892178,19.50522,25.266193,22.703745,23.485546
,,,,,
,,,,,
,,,,,
,,,,,
,,,,,
,,,,,
,,,,,
,,,,,
,,,,,
0.053374685,2.6089401000000003,16.913448000000002,27.438433000000003,27.519695,29.41468
,,,,,
,,,,,
,,,,,
,,,,,
,,,,,
,,,,,
,,,,,
,,,,,
,,,,,
0.11027508,1.158986,10.0815525,21.673489,28.116924,31.012106
,,,,,
,,,,,
,,,,,
,,,,,
,,,,,
,,,,,
,,,,,
,,,,,
,,,,,
0.0069447877,0.5294779000000001,4.7865395999999985,13.475504,20.491953,20.971952
,,,,,
,,,,,
,,,,,
,,,,,
,,,,,
,,,,,
,,,,,
,,,,,
,,,,,
,,,,,
,,,,,
,,,,,
,,,,,
,,,,,
,,,,,
,,,,,
,,,,,
,,,,,
,,,,,
,,,,,
,,,,,
,,,,,
,,,,,
,,,,,
,,,,,
,,,,,
,,,,,
,,,,,
,,,,,
,,,,,
,,,,,
,,,,,
,,,,,
,,,,,
,,,,,
,,,,,
,,,,,
,,,,,
,,,,,
,,,,,
,,,,,
,,,,,
,,,,,
,,,,,
,,,,,
,,,,,
,,,,,
,,,,,
,,,,,
,,,,,
,,,,,
,,,,,
,,,,,
,,,,,
,,,,,
,,,,,
,,,,,
,,,,,
,,,,,
,,,,,
,,,,,
,,,,,
,,,,,
,,,,,
,,,,,
,,,,,
,,,,,
,,,,,
,,,,,
,,,,,
,,,,,
,,,,,
,,,,,
,,,,,
,,,,,
,,,,,
,,,,,
,,,,,
,,,,,
,,,,,
,,,,,
,,,,,
,,,,,
,,,,,
,,,,,
,,,,,
,,,,,
,,,,,
,,,,,
,,,,,
,,,,,
,,,,,
,,,,,
,,,,,
,,,,,
,,,,,
,,,,,
,,,,,
,,,,,
,,,,,
,,,,,
,,,,,
,,,,,
,,,,,
,,,,,
,,,,,
,,,,,
,,,,,
,,,,,
,,,,,
,,,,,
