flux_u,flux_g,flux_r,flux_i,flux_z,flux_Y
0.17449641,-0.17114939,0.17788868,-0.18720073,-0.14734888,0.042895388
,,,,,
-0.10122949,0.18526629,0.17895229999999998,0.0637671,0.030686993,-0.14983359
,,,,,
-0.12736756,-0.029582798,-0.09041194,-0.18669237,-0.001335086,0.03497494
,,,,,
-0.026836153,-0.048945766,-0.051021773,0.07409656,-0.016380983999999998,-0.040018953
,,,,,
0.16727202,-0.3201432,0.08893038,0.11208337,0.027331011,0.0024549232
,,,,,
-0.11259704,-0.021317048,-0.03850884,-0.23327291,-0.04982939,0.030446716
,,,,,
,,,,,
,,,,,
,,,,,
,,,,,
,,,,,
,,,,,
,,,,,
,,,,,
0.34092680000000003,0.8291379000000001,1.6841416,2.0206528,2.3201776,2.1027737
,,,,,
,,,,,
,,,,,
,,,,,
,,,,,
,,,,,
,,,,,
,,,,,
,,,,,
2.0449152,5.777294,10.895603,14.636778,16.647543,17.408247
,,,,,
,,,,,
,,,,,
,,,,,
,,,,,
,,,,,
,,,,,
,,,,,
,,,,,
2.022335,8.371692,18.56574,26.977898,32.25618,35.773277
,,,,,
,,,,,
,,,,,
,,,,,
,,,,,
,,,,,
,,,,,
,,,,,
,,,,,
1.791311,7.7906413,19.892214000000006,33.01416,42.07661,47.383133
,,,,,
,,,,,
,,,,,
,,,,,
,,,,,
,,,,,
,,,,,
,,,,,
,,,,,
0.95950854,5.8234625,17.683726999999994,31.983824,43.42285,52.013664
,,,,,
,,,,,
,,,,,
,,,,,
,,,,,
,,,,,
,,,,,
,,,,,
,,,,,
0.61605763,3.6175244,13.312395,26.863115000000004,39.888245,49.77754
,,,,,
,,,,,
,,,,,
,,,,,
,,,,,
,,,,,
,,,,,
,,,,,
,,,,,
0.32901454,2.3244767000000004,8.852427,20.23283,32.40784,42.544487
,,,,,
,,,,,
,,,,,
,,,,,
,,,,,
,,,,,
,,,,,
,,,,,
,,,,,
0.18529184,1.0006473,5.655266,14.468956,24.840155,34.857018
,,,,,
,,,,,
,,,,,
,,,,,
,,,,,
,,,,,
,,,,,
,,,,,
,,,,,
,,,,,
,,,,,
,,,,,
,,,,,
,,,,,
,,,,,
,,,,,
,,,,,
,,,,,
,,,,,
,,,,,
,,,,,
,,,,,
,,,,,
,,,,,
,,,,,
,,,,,
,,,,,
,,,,,
,,,,,
,,,,,
,,,,,
,,,,,
,,,,,
,,,,,
,,,,,
,,,,,
,,,,,
,,,,,
,,,,,
,,,,,
,,,,,
,,,,,
,,,,,
,,,,,
,,,,,
,,,,,
,,,,,
,,,,,
,,,,,
,,,,,
,,,,,
,,,,,
,,,,,
,,,,,
,,,,,
,,,,,
,,,,,
,,,,,
,,,,,
,,,,,
,,,,,
,,,,,
,,,,,
,,,,,
,,,,,
,,,,,
,,,,,
,,,,,
,,,,,
,,,,,
,,,,,
,,,,,
,,,,,
,,,,,
,,,,,
,,,,,
,,,,,
,,,,,
,,,,,
,,,,,
,,,,,
,,,,,
,,,,,
,,,,,
,,,,,
,,,,,
,,,,,
,,,,,
,,,,,
,,,,,
,,,,,
,,,,,
,,,,,
,,,,,
,,,,,
,,,,,
,,,,,
,,,,,
,,,,,
,,,,,
,,,,,
,,,,,
,,,,,
,,,,,
,,,,,
,,,,,
,,,,,
,,,,,
,,,,,
