flux_u,flux_g,flux_r,flux_i,flux_z,flux_Y
-0.09801076,-0.2485706,0.20374212,-0.17060642,0.13474447,0.08788822
,,,,,
0.13633472,-0.06274983,0.14236113,0.017718843999999997,0.22910377,-0.22061881
,,,,,
-0.008993717,0.21316753,0.118126385,0.11505766,0.06297919999999999,0.16592732
,,,,,
0.15621078,-0.09226068,-0.035698127,0.061676003,0.17660667,-0.016715303
,,,,,
-0.11805311,0.108449765,0.15309995,-0.23112881,-0.051543526,0.00073485455
,,,,,
0.16724528,-0.101349406,0.04483214,0.021381684,-0.0060605886,0.002025291
,,,,,
,,,,,
,,,,,
,,,,,
,,,,,
,,,,,
,,,,,
,,,,,
,,,,,
-0.287851,-0.05104327,0.2635287,-0.17955777,-0.006377254000000001,-0.015267872
,,,,,
,,,,,
,,,,,
,,,,,
,,,,,
,,,,,
,,,,,
,,,,,
,,,,,
-0.2663419,0.033869125,0.046332773,0.03409159,0.17357355,-0.34737490000000004
,,,,,
,,,,,
,,,,,
,,,,,
,,,,,
,,,,,
,,,,,
,,,,,
,,,,,
-0.17644662,0.05282914,0.2414731,0.40716484,0.052317556,-0.09052205
,,,,,
,,,,,
,,,,,
,,,,,
,,,,,
,,,,,
,,,,,
,,,,,
,,,,,
1.3919833,5.145771,10.805403,13.358317,13.010603,9.167744
,,,,,
,,,,,
,,,,,
,,,,,
,,,,,
,,,,,
,,,,,
,,,,,
,,,,,
2.5644195,9.576462,22.75733,29.812365000000003,33.642284000000004,26.832827
,,,,,
,,,,,
,,,,,
,,,,,
,,,,,
,,,,,
,,,,,
,,,,,
,,,,,
2.1859653,7.591345299999999,22.332441,32.04481,41.8091,40.87
,,,,,
,,,,,
,,,,,
,,,,,
,,,,,
,,,,,
,,,,,
,,,,,
,,,,,
1.35097,4.1978974,12.486183,24.88785,36.097023,42.50604000000001
,,,,,
,,,,,
,,,,,
,,,,,
,,,,,
,,,,,
,,,,,
,,,,,
,,,,,
0.49765697,1.091624,4.568824,13.526016,22.863184,35.650017
,,,,,
,,,,,
,,,,,
,,,,,
,,,,,
,,,,,
,,,,,
,,,,,
,,,,,
,,,,,
,,,,,
,,,,,
,,,,,
,,,,,
,,,,,
,,,,,
,,,,,
,,,,,
,,,,,
,,,,,
,,,,,
,,,,,
,,,,,
,,,,,
,,,,,
,,,,,
,,,,,
,,,,,
,,,,,
,,,,,
,,,,,
,,,,,
,,,,,
,,,,,
,,,,,
,,,,,
,,,,,
,,,,,
,,,,,
,,,,,
,,,,,
,,,,,
,,,,,
,,,,,
,,,,,
,,,,,
,,,,,
,,,,,
,,,,,
,,,,,
,,,,,
,,,,,
,,,,,
,,,,,
,,,,,
,,,,,
,,,,,
,,,,,
,,,,,
,,,,,
,,,,,
,,,,,
,,,,,
,,,,,
,,,,,
,,,,,
,,,,,
,,,,,
,,,,,
,,,,,
,,,,,
,,,,,
,,,,,
,,,,,
,,,,,
,,,,,
,,,,,
,,,,,
,,,,,
,,,,,
,,,,,
,,,,,
,,,,,
,,,,,
,,,,,
,,,,,
,,,,,
,,,,,
,,,,,
,,,,,
,,,,,
,,,,,
,,,,,
,,,,,
,,,,,
,,,,,
,,,,,
,,,,,
,,,,,
,,,,,
,,,,,
,,,,,
,,,,,
,,,,,
,,,,,
,,,,,
,,,,,
,,,,,
,,,,,
