flux_u,flux_g,flux_r,flux_i,flux_z,flux_Y
-0.026409572000000003,-0.38012615,0.13457857,0.19180863,0.18717758,0.16027378
,,,,,
0.17861944,0.062981665,0.2725756,-0.29635432,0.0048760925,0.32537606
,,,,,
-0.18305947,-0.23862739,-0.00054521905,0.07675616,-0.18300845,0.1225184
,,,,,
-0.10604502,0.06015747,-0.2521254,0.07011121,0.12055251,-0.1811752
,,,,,
-0.0002568823,-0.07599864,0.03370782,0.006308528000000001,-0.023574967,0.03184186
,,,,,
-0.037179545,-0.00412638,0.2416432000000001,-0.12604514,-0.042339146,0.17562786
,,,,,
,,,,,
,,,,,
,,,,,
,,,,,
,,,,,
,,,,,
,,,,,
,,,,,
0.006250619000000001,0.1013953,0.008358820999999999,-0.17131023,0.13248615,0.34682995
,,,,,
,,,,,
,,,,,
,,,,,
,,,,,
,,,,,
,,,,,
,,,,,
,,,,,
0.18459496,-0.34557664,-0.07948378,0.15596970000000002,-0.12596056,-0.08189224
,,,,,
,,,,,
,,,,,
,,,,,
,,,,,
,,,,,
,,,,,
,,,,,
,,,,,
-0.010902263999999998,0.21975324,0.019297069,0.020837596,0.027133375,0.20069385
,,,,,
,,,,,
,,,,,
,,,,,
,,,,,
,,,,,
,,,,,
,,,,,
,,,,,
154.5658,210.22368,245.43443,228.25449,217.4716,195.44498
,,,,,
,,,,,
,,,,,
,,,,,
,,,,,
,,,,,
,,,,,
,,,,,
,,,,,
64.284424,141.62538,185.22414,180.44315,189.25926,203.56142
,,,,,
,,,,,
,,,,,
,,,,,
,,,,,
,,,,,
,,,,,
,,,,,
,,,,,
20.775917,98.10911,147.44513,192.30101,162.62985,174.81874
,,,,,
,,,,,
,,,,,
,,,,,
,,,,,
,,,,,
,,,,,
,,,,,
,,,,,
6.3885125999999985,70.74379,136.62367,181.03587,156.2563,174.64375
,,,,,
,,,,,
,,,,,
,,,,,
,,,,,
,,,,,
,,,,,
,,,,,
,,,,,
2.376685,52.667603,130.09464,177.72002,149.41013999999996,155.05968
,,,,,
,,,,,
,,,,,
,,,,,
,,,,,
,,,,,
,,,,,
,,,,,
,,,,,
,,,,,
,,,,,
,,,,,
,,,,,
,,,,,
,,,,,
,,,,,
,,,,,
,,,,,
,,,,,
,,,,,
,,,,,
,,,,,
,,,,,
,,,,,
,,,,,
,,,,,
,,,,,
,,,,,
,,,,,
,,,,,
,,,,,
,,,,,
,,,,,
,,,,,
,,,,,
,,,,,
,,,,,
,,,,,
,,,,,
,,,,,
,,,,,
,,,,,
,,,,,
,,,,,
,,,,,
,,,,,
,,,,,
,,,,,
,,,,,
,,,,,
,,,,,
,,,,,
,,,,,
,,,,,
,,,,,
,,,,,
,,,,,
,,,,,
,,,,,
,,,,,
,,,,,
,,,,,
,,,,,
,,,,,
,,,,,
,,,,,
,,,,,
,,,,,
,,,,,
,,,,,
,,,,,
,,,,,
,,,,,
,,,,,
,,,,,
,,,,,
,,,,,
,,,,,
,,,,,
,,,,,
,,,,,
,,,,,
,,,,,
,,,,,
,,,,,
,,,,,
,,,,,
,,,,,
,,,,,
,,,,,
,,,,,
,,,,,
,,,,,
,,,,,
,,,,,
,,,,,
,,,,,
,,,,,
,,,,,
,,,,,
,,,,,
,,,,,
,,,,,
,,,,,
,,,,,
,,,,,
,,,,,
,,,,,
,,,,,
