flux_u,flux_g,flux_r,flux_i,flux_z,flux_Y
-0.43916857,-0.068670854,0.030296562000000006,0.13595673,-0.101211734,-0.088210285
,,,,,
-0.022707038,-0.00786085,-0.016491099999999998,-0.0302454,0.15651049,-0.09203085
,,,,,
-0.022981377,0.19436544,-0.15574704,0.07979824,-0.09613269,0.044244785
,,,,,
0.12468753,-0.05670949400000001,0.055732064000000005,0.13644925,0.03319047,-0.069235854
,,,,,
-0.05537653,-0.109362245,-0.19909425,-0.23322628,0.107438326,-0.11274998
,,,,,
0.057657585,-0.05165607,-0.17782934,-0.321856,0.12768497,0.10498989
,,,,,
,,,,,
,,,,,
,,,,,
,,,,,
,,,,,
,,,,,
,,,,,
,,,,,
-0.022649301,-0.11923425,-0.17666152,0.02310284,-0.24052781,-0.084363
,,,,,
,,,,,
,,,,,
,,,,,
,,,,,
,,,,,
,,,,,
,,,,,
,,,,,
-0.07195511,0.123768255,0.048115127,0.09758931,-0.020536846,0.20234527
,,,,,
,,,,,
,,,,,
,,,,,
,,,,,
,,,,,
,,,,,
,,,,,
,,,,,
4.907457,25.956507,36.204338,32.278336,24.96246,27.069208000000003
,,,,,
,,,,,
,,,,,
,,,,,
,,,,,
,,,,,
,,,,,
,,,,,
,,,,,
5.1536040000000005,25.69399,48.534874,56.576897,48.073624,47.407017
,,,,,
,,,,,
,,,,,
,,,,,
,,,,,
,,,,,
,,,,,
,,,,,
,,,,,
2.2341830000000003,11.823559,36.093388,51.950985,48.96345,48.97173
,,,,,
,,,,,
,,,,,
,,,,,
,,,,,
,,,,,
,,,,,
,,,,,
,,,,,
0.9258805,6.388625599999999,23.886251,37.82638,37.847694,39.846195
,,,,,
,,,,,
,,,,,
,,,,,
,,,,,
,,,,,
,,,,,
,,,,,
,,,,,
0.5792453000000001,4.115727,15.427891,27.40113400000001,28.265017,30.512777000000003
,,,,,
,,,,,
,,,,,
,,,,,
,,,,,
,,,,,
,,,,,
,,,,,
,,,,,
0.16418923,3.298599,11.275963,20.316599,20.97395,22.688305
,,,,,
,,,,,
,,,,,
,,,,,
,,,,,
,,,,,
,,,,,
,,,,,
,,,,,
,,,,,
,,,,,
,,,,,
,,,,,
,,,,,
,,,,,
,,,,,
,,,,,
,,,,,
,,,,,
,,,,,
,,,,,
,,,,,
,,,,,
,,,,,
,,,,,
,,,,,
,,,,,
,,,,,
,,,,,
,,,,,
,,,,,
,,,,,
,,,,,
,,,,,
,,,,,
,,,,,
,,,,,
,,,,,
,,,,,
,,,,,
,,,,,
,,,,,
,,,,,
,,,,,
,,,,,
,,,,,
,,,,,
,,,,,
,,,,,
,,,,,
,,,,,
,,,,,
,,,,,
,,,,,
,,,,,
,,,,,
,,,,,
,,,,,
,,,,,
,,,,,
,,,,,
,,,,,
,,,,,
,,,,,
,,,,,
,,,,,
,,,,,
,,,,,
,,,,,
,,,,,
,,,,,
,,,,,
,,,,,
,,,,,
,,,,,
,,,,,
,,,,,
,,,,,
,,,,,
,,,,,
,,,,,
,,,,,
,,,,,
,,,,,
,,,,,
,,,,,
,,,,,
,,,,,
,,,,,
,,,,,
,,,,,
,,,,,
,,,,,
,,,,,
,,,,,
,,,,,
,,,,,
,,,,,
,,,,,
,,,,,
,,,,,
,,,,,
,,,,,
,,,,,
,,,,,
,,,,,
,,,,,
,,,,,
,,,,,
