flux_u,flux_g,flux_r,flux_i,flux_z,flux_Y
-0.14711864,0.42692396,0.6842848000000001,0.68044984,0.793938,0.79427516
,,,,,
0.23332903,0.7228486999999999,1.1387919,1.140341,1.4402581,1.2445699
,,,,,
0.0651688,0.9251878,1.4573244,2.0554545,2.4591885,2.3883634
,,,,,
0.17592336,1.3484542,2.4154258,2.6821053,3.3768651,3.24928
,,,,,
-0.03412723,2.1631997000000003,3.3378065,3.6407883,4.547132,4.4071465
,,,,,
0.22704561,2.686179,4.2059803,4.642126599999999,5.889444,4.828747
,,,,,
0.35799780000000003,3.0715528,5.0549717,5.82736,6.915531,6.4164629999999985
,,,,,
0.25346230000000003,3.2322474,6.006037,6.8918940000000015,8.241359,7.0924960000000015
,,,,,
0.2994122,4.0548425,6.98643,7.9221306,9.096577,7.8550754
,,,,,
0.295712,4.2815213,7.65326,8.493492,9.737019,8.85876
,,,,,
0.45157644,4.4934173,8.118277,9.309549,10.705992,9.522681
,,,,,
0.32237694,4.2444,8.754667999999999,9.901291,11.220831,10.455641
,,,,,
,,,,,
,,,,,
,,,,,
,,,,,
,,,,,
,,,,,
,,,,,
,,,,,
0.2899082000000001,3.0444202,7.222103999999999,9.628664,14.375986,13.139976999999998
,,,,,
,,,,,
,,,,,
,,,,,
,,,,,
,,,,,
,,,,,
,,,,,
,,,,,
0.43711242,3.7694864,9.904188,13.722567000000002,18.966467,18.86786
,,,,,
,,,,,
,,,,,
,,,,,
,,,,,
,,,,,
,,,,,
,,,,,
,,,,,
0.5011125,5.2554407,17.176071,22.554205,27.064358,26.695126
,,,,,
,,,,,
,,,,,
,,,,,
,,,,,
,,,,,
,,,,,
,,,,,
,,,,,
0.41469806,5.569604,20.299076,26.106045,30.356133000000003,30.83473
,,,,,
,,,,,
,,,,,
,,,,,
,,,,,
,,,,,
,,,,,
,,,,,
,,,,,
0.49802822,4.4443865,15.634808,23.101578,28.608845,30.62174000000001
,,,,,
,,,,,
,,,,,
,,,,,
,,,,,
,,,,,
,,,,,
,,,,,
,,,,,
-0.09294353,2.9584956,9.955743,16.700348,22.64626,27.669138
,,,,,
,,,,,
,,,,,
,,,,,
,,,,,
,,,,,
,,,,,
,,,,,
,,,,,
0.38655287,1.8901856,5.3839169999999985,10.820064,15.764634,20.783747
,,,,,
,,,,,
,,,,,
,,,,,
,,,,,
,,,,,
,,,,,
,,,,,
,,,,,
-0.031669486000000004,0.71490484,2.8425329,6.7201743,9.674332,13.538802
,,,,,
,,,,,
,,,,,
,,,,,
,,,,,
,,,,,
,,,,,
,,,,,
,,,,,
,,,,,
,,,,,
,,,,,
,,,,,
,,,,,
,,,,,
,,,,,
,,,,,
,,,,,
,,,,,
,,,,,
,,,,,
,,,,,
,,,,,
,,,,,
,,,,,
,,,,,
,,,,,
,,,,,
,,,,,
,,,,,
,,,,,
,,,,,
,,,,,
,,,,,
,,,,,
,,,,,
,,,,,
,,,,,
,,,,,
,,,,,
,,,,,
,,,,,
,,,,,
,,,,,
,,,,,
,,,,,
,,,,,
,,,,,
,,,,,
,,,,,
,,,,,
,,,,,
,,,,,
,,,,,
,,,,,
,,,,,
,,,,,
,,,,,
,,,,,
,,,,,
,,,,,
,,,,,
,,,,,
,,,,,
,,,,,
,,,,,
,,,,,
,,,,,
,,,,,
,,,,,
,,,,,
,,,,,
,,,,,
,,,,,
,,,,,
,,,,,
,,,,,
,,,,,
,,,,,
,,,,,
,,,,,
,,,,,
,,,,,
,,,,,
,,,,,
,,,,,
,,,,,
,,,,,
,,,,,
,,,,,
,,,,,
,,,,,
,,,,,
,,,,,
,,,,,
,,,,,
,,,,,
