flux_u,flux_g,flux_r,flux_i,flux_z,flux_Y
0.04298117,-0.01615504,0.052052412,-0.0029110846,0.13484646,-0.081357524
,,,,,
0.014074405,0.14699993,0.021325441,-0.22536224,0.05837484,-0.14656685
,,,,,
0.10268911,0.17722739999999998,0.15855323,-0.061210475999999986,-0.012557428,-0.0221828
,,,,,
0.011035782,-0.056530308,0.026314467,0.1001317,-0.35789162,-0.22250989
,,,,,
-0.00830063,-0.24533504,-0.07773798,0.04444606,0.040798914,-0.06957261
,,,,,
-0.20776781,-0.06357722,0.22086711,0.0024061517000000003,-0.036362186,0.08451413
,,,,,
0.030069938,0.05840204,0.20803803,0.11577631,0.18864058,-0.060257535
,,,,,
,,,,,
,,,,,
,,,,,
,,,,,
,,,,,
,,,,,
,,,,,
,,,,,
-0.04941711,-0.031097926,-0.0062020775,0.043690614,0.020368392,0.17633210000000002
,,,,,
,,,,,
,,,,,
,,,,,
,,,,,
,,,,,
,,,,,
,,,,,
,,,,,
-0.026892498,0.15257004,-0.041213006,0.040603474,0.057405513,0.17731863
,,,,,
,,,,,
,,,,,
,,,,,
,,,,,
,,,,,
,,,,,
,,,,,
,,,,,
6.2546744000000025,16.993686999999998,30.095192,38.24311,42.01605,43.73232700000001
,,,,,
,,,,,
,,,,,
,,,,,
,,,,,
,,,,,
,,,,,
,,,,,
,,,,,
2.371421,14.352453,43.04798,79.0904,107.582695,128.69566
,,,,,
,,,,,
,,,,,
,,,,,
,,,,,
,,,,,
,,,,,
,,,,,
,,,,,
0.4824076,0.66877884,5.2856383000000005,16.581541,31.969418,48.59295
,,,,,
,,,,,
,,,,,
,,,,,
,,,,,
,,,,,
,,,,,
,,,,,
,,,,,
-0.09694973,0.15404473,0.48886105,3.109907,7.839463999999999,15.3779
,,,,,
,,,,,
,,,,,
,,,,,
,,,,,
,,,,,
,,,,,
,,,,,
,,,,,
-0.22715856,-0.052650493,0.10986301,0.433567,2.2883208,5.16852
,,,,,
,,,,,
,,,,,
,,,,,
,,,,,
,,,,,
,,,,,
,,,,,
,,,,,
-0.12265865,-0.18331677,0.105171196,-0.0037918626,0.58263856,2.1657717
,,,,,
,,,,,
,,,,,
,,,,,
,,,,,
,,,,,
,,,,,
,,,,,
,,,,,
,,,,,
,,,,,
,,,,,
,,,,,
,,,,,
,,,,,
,,,,,
,,,,,
,,,,,
,,,,,
,,,,,
,,,,,
,,,,,
,,,,,
,,,,,
,,,,,
,,,,,
,,,,,
,,,,,
,,,,,
,,,,,
,,,,,
,,,,,
,,,,,
,,,,,
,,,,,
,,,,,
,,,,,
,,,,,
,,,,,
,,,,,
,,,,,
,,,,,
,,,,,
,,,,,
,,,,,
,,,,,
,,,,,
,,,,,
,,,,,
,,,,,
,,,,,
,,,,,
,,,,,
,,,,,
,,,,,
,,,,,
,,,,,
,,,,,
,,,,,
,,,,,
,,,,,
,,,,,
,,,,,
,,,,,
,,,,,
,,,,,
,,,,,
,,,,,
,,,,,
,,,,,
,,,,,
,,,,,
,,,,,
,,,,,
,,,,,
,,,,,
,,,,,
,,,,,
,,,,,
,,,,,
,,,,,
,,,,,
,,,,,
,,,,,
,,,,,
,,,,,
,,,,,
,,,,,
,,,,,
,,,,,
,,,,,
,,,,,
,,,,,
,,,,,
,,,,,
,,,,,
,,,,,
,,,,,
,,,,,
,,,,,
,,,,,
,,,,,
,,,,,
,,,,,
,,,,,
,,,,,
,,,,,
