flux_u,flux_g,flux_r,flux_i,flux_z,flux_Y
0.0626914,0.014149448,0.061246764,-0.40185937,-0.139019,-0.021117918
,,,,,
-0.052999683,0.07990823,-0.039027795,0.053821363,-0.058561027,0.011342219
,,,,,
0.03174866,-0.10580202,-0.15815544,0.10956904,-0.11567654,-0.05567358
,,,,,
0.19143042,0.04449085,0.06923101,-0.22764662,0.13525839,-0.008265216
,,,,,
0.036361232,0.094006725,-0.17872538,0.058462787,0.01910375,-0.36581156
,,,,,
0.21127910000000005,0.17524365,0.08861028,0.02390679,-0.35283142,-0.2876508
,,,,,
-0.0011615044,0.06751783,0.02886858,-0.20553495,-0.24744199,0.003637882
,,,,,
0.020315455,0.013080967,-0.23295449,0.18587127,0.15095286,-0.23513196
,,,,,
,,,,,
,,,,,
,,,,,
,,,,,
,,,,,
,,,,,
,,,,,
,,,,,
0.07082896,-0.07194488,-0.2422964,-0.15689033,-0.06026548,-0.061016027
,,,,,
,,,,,
,,,,,
,,,,,
,,,,,
,,,,,
,,,,,
,,,,,
,,,,,
-0.15300295,0.029075202,0.075551495,-0.11726968,-0.35943022,-0.16735755
,,,,,
,,,,,
,,,,,
,,,,,
,,,,,
,,,,,
,,,,,
,,,,,
,,,,,
0.10447656,0.29883128,2.4537458,2.9953012,2.5249848,2.116418
,,,,,
,,,,,
,,,,,
,,,,,
,,,,,
,,,,,
,,,,,
,,,,,
,,,,,
1.618342,9.869651,39.43469,53.4381,51.331017,47.33082
,,,,,
,,,,,
,,,,,
,,,,,
,,,,,
,,,,,
,,,,,
,,,,,
,,,,,
1.6629803,8.753383,31.562319,51.735424,66.08117,65.631424
,,,,,
,,,,,
,,,,,
,,,,,
,,,,,
,,,,,
,,,,,
,,,,,
,,,,,
0.79583406,4.367676,17.8588,37.73655,62.103237,64.301056
,,,,,
,,,,,
,,,,,
,,,,,
,,,,,
,,,,,
,,,,,
,,,,,
,,,,,
0.42297307,2.1781547000000003,10.266567,25.555065,48.62048,50.26121
,,,,,
,,,,,
,,,,,
,,,,,
,,,,,
,,,,,
,,,,,
,,,,,
,,,,,
0.60587686,1.0182778,6.405776,17.5439,36.632984,40.585278
,,,,,
,,,,,
,,,,,
,,,,,
,,,,,
,,,,,
,,,,,
,,,,,
,,,,,
,,,,,
,,,,,
,,,,,
,,,,,
,,,,,
,,,,,
,,,,,
,,,,,
,,,,,
,,,,,
,,,,,
,,,,,
,,,,,
,,,,,
,,,,,
,,,,,
,,,,,
,,,,,
,,,,,
,,,,,
,,,,,
,,,,,
,,,,,
,,,,,
,,,,,
,,,,,
,,,,,
,,,,,
,,,,,
,,,,,
,,,,,
,,,,,
,,,,,
,,,,,
,,,,,
,,,,,
,,,,,
,,,,,
,,,,,
,,,,,
,,,,,
,,,,,
,,,,,
,,,,,
,,,,,
,,,,,
,,,,,
,,,,,
,,,,,
,,,,,
,,,,,
,,,,,
,,,,,
,,,,,
,,,,,
,,,,,
,,,,,
,,,,,
,,,,,
,,,,,
,,,,,
,,,,,
,,,,,
,,,,,
,,,,,
,,,,,
,,,,,
,,,,,
,,,,,
,,,,,
,,,,,
,,,,,
,,,,,
,,,,,
,,,,,
,,,,,
,,,,,
,,,,,
,,,,,
,,,,,
,,,,,
,,,,,
,,,,,
,,,,,
,,,,,
,,,,,
,,,,,
,,,,,
,,,,,
,,,,,
,,,,,
,,,,,
,,,,,
,,,,,
,,,,,
,,,,,
