flux_u,flux_g,flux_r,flux_i,flux_z,flux_Y
0.28675807,-0.25917274,0.22481766,0.07175469400000001,0.30031425,-0.0049687596
,,,,,
-0.10864815,-0.25473675,-0.11058819,-0.071169354,0.15569505,-0.06424039
,,,,,
0.33840925,0.03975975,0.0881336,-0.09431337,-0.15155455,-0.16550891
,,,,,
0.034260854,-0.082958,0.072856925,-0.115534335,0.09005083,0.11388759
,,,,,
0.11354656,0.16509475,-0.23726906,0.35010982,-0.021520665,0.04683924
,,,,,
0.18758774,0.12521516,-0.21150632,0.19547288,-0.24378127,0.039350476
,,,,,
0.1602289,-0.07639645,-0.17366628,0.040992443,-0.1468708,-0.2781625
,,,,,
0.04243748,-0.06075444,-0.12812313,-0.028313957,0.07009974,0.1406558
,,,,,
,,,,,
,,,,,
,,,,,
,,,,,
,,,,,
,,,,,
,,,,,
,,,,,
0.04522947,0.0055536297,-0.08818981,-0.06818545599999999,-0.11295761,-0.07260796
,,,,,
,,,,,
,,,,,
,,,,,
,,,,,
,,,,,
,,,,,
,,,,,
,,,,,
31.43384600000001,46.512154,36.78607,36.11371,30.565567,29.843239
,,,,,
,,,,,
,,,,,
,,,,,
,,,,,
,,,,,
,,,,,
,,,,,
,,,,,
35.17870300000001,124.657936,135.24428,119.30653,104.66417,93.65071
,,,,,
,,,,,
,,,,,
,,,,,
,,,,,
,,,,,
,,,,,
,,,,,
,,,,,
6.6872687000000015,44.14721,86.92508000000002,86.08421,89.32096999999996,86.213234
,,,,,
,,,,,
,,,,,
,,,,,
,,,,,
,,,,,
,,,,,
,,,,,
,,,,,
1.7364253,14.4766,43.866493,54.410072,65.953445,69.93783
,,,,,
,,,,,
,,,,,
,,,,,
,,,,,
,,,,,
,,,,,
,,,,,
,,,,,
1.0436796999999998,10.539326,35.5391,42.531647,58.874203,61.270480000000006
,,,,,
,,,,,
,,,,,
,,,,,
,,,,,
,,,,,
,,,,,
,,,,,
,,,,,
1.0920752,10.107457,28.500683,41.397156,44.67899,36.30829
,,,,,
,,,,,
,,,,,
,,,,,
,,,,,
,,,,,
,,,,,
,,,,,
,,,,,
0.8396673000000001,9.001251,24.197605,34.739662,34.25575300000001,23.6206
,,,,,
,,,,,
,,,,,
,,,,,
,,,,,
,,,,,
,,,,,
,,,,,
,,,,,
,,,,,
,,,,,
,,,,,
,,,,,
,,,,,
,,,,,
,,,,,
,,,,,
,,,,,
,,,,,
,,,,,
,,,,,
,,,,,
,,,,,
,,,,,
,,,,,
,,,,,
,,,,,
,,,,,
,,,,,
,,,,,
,,,,,
,,,,,
,,,,,
,,,,,
,,,,,
,,,,,
,,,,,
,,,,,
,,,,,
,,,,,
,,,,,
,,,,,
,,,,,
,,,,,
,,,,,
,,,,,
,,,,,
,,,,,
,,,,,
,,,,,
,,,,,
,,,,,
,,,,,
,,,,,
,,,,,
,,,,,
,,,,,
,,,,,
,,,,,
,,,,,
,,,,,
,,,,,
,,,,,
,,,,,
,,,,,
,,,,,
,,,,,
,,,,,
,,,,,
,,,,,
,,,,,
,,,,,
,,,,,
,,,,,
,,,,,
,,,,,
,,,,,
,,,,,
,,,,,
,,,,,
,,,,,
,,,,,
,,,,,
,,,,,
,,,,,
,,,,,
,,,,,
,,,,,
,,,,,
,,,,,
,,,,,
,,,,,
,,,,,
,,,,,
,,,,,
,,,,,
,,,,,
,,,,,
,,,,,
,,,,,
,,,,,
,,,,,
,,,,,
,,,,,
,,,,,
