flux_u,flux_g,flux_r,flux_i,flux_z,flux_Y
-0.13524158,0.17743978,-0.0841205,-0.16537206,0.010373491,0.08012187
,,,,,
-0.101624265,0.22330278,0.1019639,-0.07713761,-0.049425855,0.099373706
,,,,,
-0.05751738,-0.082423195,-0.17237951,0.26470467,0.0726188,-0.09901772
,,,,,
0.13764565,-0.26507643,-0.098766476,0.16715926,0.04727012,0.2716053
,,,,,
-0.13809277,-0.15480489,-0.0034308275,0.09194175,-0.14626847,0.15280107
,,,,,
0.04852032,-0.164985,-0.08175932,0.1630836,0.13662453,-0.22771439
,,,,,
0.009976288,0.21722928,-0.010326678,-0.04947604,-0.084769264,0.018199442
,,,,,
0.040131204,0.048028998,0.034052234,-0.006291102,-0.1504211,0.110662125
,,,,,
,,,,,
,,,,,
,,,,,
,,,,,
,,,,,
,,,,,
,,,,,
,,,,,
0.055297147000000005,0.06832451,0.04115371,0.07776852,0.07649554,-0.032667153
,,,,,
,,,,,
,,,,,
,,,,,
,,,,,
,,,,,
,,,,,
,,,,,
,,,,,
-0.19161136,-0.35206166,-0.1152801,-0.13646801,-0.20195827,-0.13441572
,,,,,
,,,,,
,,,,,
,,,,,
,,,,,
,,,,,
,,,,,
,,,,,
,,,,,
0.20785609,-0.14683159,-0.25014058,-0.03353109,0.012315658,0.045291252
,,,,,
,,,,,
,,,,,
,,,,,
,,,,,
,,,,,
,,,,,
,,,,,
,,,,,
134.18185,92.65975,42.005276,34.336338,30.31748,29.765108
,,,,,
,,,,,
,,,,,
,,,,,
,,,,,
,,,,,
,,,,,
,,,,,
,,,,,
63.10289,64.82086,49.166515,44.90881,41.394882,43.968082
,,,,,
,,,,,
,,,,,
,,,,,
,,,,,
,,,,,
,,,,,
,,,,,
,,,,,
28.301895,35.30396,36.819313,41.78906,37.316715,38.708057
,,,,,
,,,,,
,,,,,
,,,,,
,,,,,
,,,,,
,,,,,
,,,,,
,,,,,
8.891892,18.968372,28.079685,33.893063,34.07326,34.645687
,,,,,
,,,,,
,,,,,
,,,,,
,,,,,
,,,,,
,,,,,
,,,,,
,,,,,
2.353234,9.95628,21.643604,27.660803,30.472115,32.216778000000005
,,,,,
,,,,,
,,,,,
,,,,,
,,,,,
,,,,,
,,,,,
,,,,,
,,,,,
,,,,,
,,,,,
,,,,,
,,,,,
,,,,,
,,,,,
,,,,,
,,,,,
,,,,,
,,,,,
,,,,,
,,,,,
,,,,,
,,,,,
,,,,,
,,,,,
,,,,,
,,,,,
,,,,,
,,,,,
,,,,,
,,,,,
,,,,,
,,,,,
,,,,,
,,,,,
,,,,,
,,,,,
,,,,,
,,,,,
,,,,,
,,,,,
,,,,,
,,,,,
,,,,,
,,,,,
,,,,,
,,,,,
,,,,,
,,,,,
,,,,,
,,,,,
,,,,,
,,,,,
,,,,,
,,,,,
,,,,,
,,,,,
,,,,,
,,,,,
,,,,,
,,,,,
,,,,,
,,,,,
,,,,,
,,,,,
,,,,,
,,,,,
,,,,,
,,,,,
,,,,,
,,,,,
,,,,,
,,,,,
,,,,,
,,,,,
,,,,,
,,,,,
,,,,,
,,,,,
,,,,,
,,,,,
,,,,,
,,,,,
,,,,,
,,,,,
,,,,,
,,,,,
,,,,,
,,,,,
,,,,,
,,,,,
,,,,,
,,,,,
,,,,,
,,,,,
,,,,,
,,,,,
,,,,,
,,,,,
,,,,,
,,,,,
,,,,,
,,,,,
,,,,,
,,,,,
