flux_u,flux_g,flux_r,flux_i,flux_z,flux_Y
-0.045875162,-0.046394635,0.18352420000000005,0.040186785,0.041659366,-0.044497672
,,,,,
0.07756503,0.04337627,-0.098945394,0.09821312,0.14646432,-0.16081826
,,,,,
0.10434037,-0.124898255,0.16253512,-0.08679629,0.25005007,0.16340442
,,,,,
-0.04874505,0.049159247,0.14310713,-0.17440242,0.15247771,-0.04967327
,,,,,
-0.08769872,-0.12838307,0.022805987000000003,0.22309428,-0.09592834,0.016715253
,,,,,
-0.012039318,-0.22084118,-0.024451666,-0.08731023,0.022959005,-0.031172039
,,,,,
0.21162896,-0.040217254,-0.03291199,0.11119354,0.09016539,0.06484225
,,,,,
0.30552077,-0.14940952,-0.020641988,0.05361367,0.23818137,-0.20537503
,,,,,
0.17323598,0.098647386,0.05582551,-0.12492128,0.22525091,-0.14888902
,,,,,
0.16534895,0.10300491,0.040683974,-0.13175744,-0.0447134,0.21841863
,,,,,
,,,,,
,,,,,
,,,,,
,,,,,
,,,,,
,,,,,
,,,,,
,,,,,
0.0114218015,0.15082742,0.26225814,0.06903402,0.11318093,0.50356114
,,,,,
,,,,,
,,,,,
,,,,,
,,,,,
,,,,,
,,,,,
,,,,,
,,,,,
13.718834,27.121395,25.18631400000001,22.938295,18.87823,19.33868
,,,,,
,,,,,
,,,,,
,,,,,
,,,,,
,,,,,
,,,,,
,,,,,
,,,,,
6.7528577000000025,33.9763,42.665497,40.735687,35.133793,33.60394
,,,,,
,,,,,
,,,,,
,,,,,
,,,,,
,,,,,
,,,,,
,,,,,
,,,,,
1.2728307,9.543169,22.955873,19.151447,21.277805,24.323946
,,,,,
,,,,,
,,,,,
,,,,,
,,,,,
,,,,,
,,,,,
,,,,,
,,,,,
0.10660486,3.276434,12.441291,13.423053,15.682724,19.248226000000006
,,,,,
,,,,,
,,,,,
,,,,,
,,,,,
,,,,,
,,,,,
,,,,,
,,,,,
0.217187,2.270416,9.711764,12.350687,14.924013,17.193602
,,,,,
,,,,,
,,,,,
,,,,,
,,,,,
,,,,,
,,,,,
,,,,,
,,,,,
0.15715374,2.4125607,8.465188000000001,12.015842,13.831612,10.566815
,,,,,
,,,,,
,,,,,
,,,,,
,,,,,
,,,,,
,,,,,
,,,,,
,,,,,
0.1875082,1.9953284,6.9807710000000025,10.233678,12.41166,7.470666400000002
,,,,,
,,,,,
,,,,,
,,,,,
,,,,,
,,,,,
,,,,,
,,,,,
,,,,,
,,,,,
,,,,,
,,,,,
,,,,,
,,,,,
,,,,,
,,,,,
,,,,,
,,,,,
,,,,,
,,,,,
,,,,,
,,,,,
,,,,,
,,,,,
,,,,,
,,,,,
,,,,,
,,,,,
,,,,,
,,,,,
,,,,,
,,,,,
,,,,,
,,,,,
,,,,,
,,,,,
,,,,,
,,,,,
,,,,,
,,,,,
,,,,,
,,,,,
,,,,,
,,,,,
,,,,,
,,,,,
,,,,,
,,,,,
,,,,,
,,,,,
,,,,,
,,,,,
,,,,,
,,,,,
,,,,,
,,,,,
,,,,,
,,,,,
,,,,,
,,,,,
,,,,,
,,,,,
,,,,,
,,,,,
,,,,,
,,,,,
,,,,,
,,,,,
,,,,,
,,,,,
,,,,,
,,,,,
,,,,,
,,,,,
,,,,,
,,,,,
,,,,,
,,,,,
,,,,,
,,,,,
,,,,,
,,,,,
,,,,,
,,,,,
,,,,,
,,,,,
,,,,,
,,,,,
,,,,,
,,,,,
,,,,,
,,,,,
,,,,,
,,,,,
,,,,,
,,,,,
,,,,,
,,,,,
,,,,,
,,,,,
,,,,,
