flux_u,flux_g,flux_r,flux_i,flux_z,flux_Y
0.10508551,-0.06254106,-0.32717547,-0.23906735,-0.094346546,0.05852786
,,,,,
0.045889914,0.07584995,-0.1418389,-0.21669613,-0.12636857,0.08860937
,,,,,
-0.2501486,0.024084823,0.20745893,0.030079773,0.22077735,0.28836256
,,,,,
0.1643628,0.19135411,-0.067381,-0.09815977,0.233683,0.12550749
,,,,,
0.01074235,-0.11389585,0.091470934,0.020045137,-0.02708842,0.3110442
,,,,,
-0.0070504984,0.00602101,0.09493861,0.19372268,0.01983984,-0.09444187
,,,,,
0.059127945,-0.02370824,0.12155514,-0.038516592,-0.14571261,0.11762076
,,,,,
0.042139146,-0.07964259,-0.088793136,-0.055163663,0.024672903,0.2109277
,,,,,
0.0912901,-0.023695737,0.11772059,0.04037763,-0.10681149,0.004934655
,,,,,
-0.15182887,0.12824024,0.033078294,0.1628451,-0.18785709,0.13444108
,,,,,
-0.010308297,0.0037316491,-0.1612848,-0.054616854000000006,0.07541983599999999,0.29812267
,,,,,
,,,,,
,,,,,
,,,,,
,,,,,
,,,,,
,,,,,
,,,,,
,,,,,
-0.09131775,0.09282362,0.16572896,-0.18590951,0.19787112,0.043761868
,,,,,
,,,,,
,,,,,
,,,,,
,,,,,
,,,,,
,,,,,
,,,,,
,,,,,
-0.13046657,0.15941998,0.13989113,-0.08448104599999999,0.05044996400000002,0.17954423
,,,,,
,,,,,
,,,,,
,,,,,
,,,,,
,,,,,
,,,,,
,,,,,
,,,,,
-0.22968204,-0.14469354,0.23659839,0.1298368,0.074089535,0.123111755
,,,,,
,,,,,
,,,,,
,,,,,
,,,,,
,,,,,
,,,,,
,,,,,
,,,,,
0.14013241,-0.07418897,-0.022597335,-0.02602082,0.22797476,0.23047553
,,,,,
,,,,,
,,,,,
,,,,,
,,,,,
,,,,,
,,,,,
,,,,,
,,,,,
0.13176906,-0.07653982,0.13873647,-0.06987979,-0.049807537,-0.12768598
,,,,,
,,,,,
,,,,,
,,,,,
,,,,,
,,,,,
,,,,,
,,,,,
,,,,,
0.9524927,6.6002345,17.212336999999998,21.151754,21.47669,19.792233
,,,,,
,,,,,
,,,,,
,,,,,
,,,,,
,,,,,
,,,,,
,,,,,
,,,,,
0.14143386,5.2153535,13.467996,26.683905,35.06215,36.18839000000001
,,,,,
,,,,,
,,,,,
,,,,,
,,,,,
,,,,,
,,,,,
,,,,,
,,,,,
0.041013774,2.746634,7.25373,17.782808,26.799566,34.264140000000005
,,,,,
,,,,,
,,,,,
,,,,,
,,,,,
,,,,,
,,,,,
,,,,,
,,,,,
,,,,,
,,,,,
,,,,,
,,,,,
,,,,,
,,,,,
,,,,,
,,,,,
,,,,,
,,,,,
,,,,,
,,,,,
,,,,,
,,,,,
,,,,,
,,,,,
,,,,,
,,,,,
,,,,,
,,,,,
,,,,,
,,,,,
,,,,,
,,,,,
,,,,,
,,,,,
,,,,,
,,,,,
,,,,,
,,,,,
,,,,,
,,,,,
,,,,,
,,,,,
,,,,,
,,,,,
,,,,,
,,,,,
,,,,,
,,,,,
,,,,,
,,,,,
,,,,,
,,,,,
,,,,,
,,,,,
,,,,,
,,,,,
,,,,,
,,,,,
,,,,,
,,,,,
,,,,,
,,,,,
,,,,,
,,,,,
,,,,,
,,,,,
,,,,,
,,,,,
,,,,,
,,,,,
,,,,,
,,,,,
,,,,,
,,,,,
,,,,,
,,,,,
,,,,,
,,,,,
,,,,,
,,,,,
,,,,,
,,,,,
,,,,,
,,,,,
,,,,,
,,,,,
,,,,,
,,,,,
,,,,,
,,,,,
,,,,,
,,,,,
,,,,,
,,,,,
,,,,,
,,,,,
,,,,,
,,,,,
