flux_u,flux_g,flux_r,flux_i,flux_z,flux_Y
-0.17429589,-0.11955058,0.17111655,0.10831484,0.1401602,0.024946183
,,,,,
0.15111402,-0.08642447,-0.07688652,-0.09355739,-0.09324009,0.0031961242
,,,,,
-0.3748665,-0.116628245,-0.051593814,0.07131579,-0.14568621,-0.043140724000000005
,,,,,
0.034056373,-0.15909761,-0.10283588,-0.014563932,0.11097518,0.18440066
,,,,,
0.047863517,0.13331786,-0.023321794,0.028475475,0.20780437,0.34778777
,,,,,
-0.102998,0.20097809,0.11649056,0.17997167,-0.080394685,-0.046984967
,,,,,
0.031571086,-0.18416865,0.035251208,0.06534838,-0.07938105,0.24653101
,,,,,
0.008157623000000001,0.13326345,0.11508974,0.06651354599999999,-0.14229172,-0.04876824
,,,,,
0.08248570599999999,0.07848852,-0.34010070000000003,-0.16939019,0.04491788,-0.27056867
,,,,,
-0.08951414,-0.051402017,-0.117837206,0.12798537,0.13666667,0.014966151
,,,,,
,,,,,
,,,,,
,,,,,
,,,,,
,,,,,
,,,,,
,,,,,
,,,,,
-0.060507108,0.12309175,-0.15035617,0.22273052,-0.09325293,0.015076432
,,,,,
,,,,,
,,,,,
,,,,,
,,,,,
,,,,,
,,,,,
,,,,,
,,,,,
-0.09253068,0.0784011,-0.029993659,0.0573113,0.32460788,0.21913014
,,,,,
,,,,,
,,,,,
,,,,,
,,,,,
,,,,,
,,,,,
,,,,,
,,,,,
0.12406997,2.28956,8.051273,13.71304,17.154688,19.011171
,,,,,
,,,,,
,,,,,
,,,,,
,,,,,
,,,,,
,,,,,
,,,,,
,,,,,
0.20920762,3.5731833,14.552302,34.171654,46.34087,50.39162
,,,,,
,,,,,
,,,,,
,,,,,
,,,,,
,,,,,
,,,,,
,,,,,
,,,,,
0.10708251,1.3633962,6.5438684999999985,21.27417,42.51328,49.130043
,,,,,
,,,,,
,,,,,
,,,,,
,,,,,
,,,,,
,,,,,
,,,,,
,,,,,
0.13927442,0.84871316,2.8298478,10.453153,25.191608,30.414341
,,,,,
,,,,,
,,,,,
,,,,,
,,,,,
,,,,,
,,,,,
,,,,,
,,,,,
-0.0063497615,0.68363845,1.9328635,6.8612537,15.549368,18.629238
,,,,,
,,,,,
,,,,,
,,,,,
,,,,,
,,,,,
,,,,,
,,,,,
,,,,,
-0.013167937,0.41115853,1.2295021000000002,3.79264,10.045675,11.445494
,,,,,
,,,,,
,,,,,
,,,,,
,,,,,
,,,,,
,,,,,
,,,,,
,,,,,
,,,,,
,,,,,
,,,,,
,,,,,
,,,,,
,,,,,
,,,,,
,,,,,
,,,,,
,,,,,
,,,,,
,,,,,
,,,,,
,,,,,
,,,,,
,,,,,
,,,,,
,,,,,
,,,,,
,,,,,
,,,,,
,,,,,
,,,,,
,,,,,
,,,,,
,,,,,
,,,,,
,,,,,
,,,,,
,,,,,
,,,,,
,,,,,
,,,,,
,,,,,
,,,,,
,,,,,
,,,,,
,,,,,
,,,,,
,,,,,
,,,,,
,,,,,
,,,,,
,,,,,
,,,,,
,,,,,
,,,,,
,,,,,
,,,,,
,,,,,
,,,,,
,,,,,
,,,,,
,,,,,
,,,,,
,,,,,
,,,,,
,,,,,
,,,,,
,,,,,
,,,,,
,,,,,
,,,,,
,,,,,
,,,,,
,,,,,
,,,,,
,,,,,
,,,,,
,,,,,
,,,,,
,,,,,
,,,,,
,,,,,
,,,,,
,,,,,
,,,,,
,,,,,
,,,,,
,,,,,
,,,,,
,,,,,
,,,,,
,,,,,
,,,,,
,,,,,
,,,,,
,,,,,
,,,,,
,,,,,
,,,,,
,,,,,
