flux_u,flux_g,flux_r,flux_i,flux_z,flux_Y
-0.04592103,-0.009159264,-0.102442384,0.0848239,0.007046508000000002,0.06940074
,,,,,
0.07010118,-0.087184645,-0.17409857,0.0712996,0.025014047,0.1792768
,,,,,
-0.20171028,-0.02663663,0.05784310400000001,0.044356246,0.09544956,0.08602148
,,,,,
0.064900964,-0.15475425,0.24869737,0.18315971,0.0974875,0.054166999999999986
,,,,,
0.0844045,0.035950188,-0.008348456,-0.09381371,-0.1323934,-0.16346870000000002
,,,,,
0.010891942,0.0011213884,-0.01428148,0.0024412994,-0.0196767,-0.113729246
,,,,,
-0.17211623,-0.14314770000000002,0.22849262,0.09229066,-0.15510145,-0.037044838
,,,,,
0.10020231,-0.29106537,-0.057776645,-0.06806903,0.0144103635,-0.014633114
,,,,,
-0.02271428,0.07540619,0.03086028,0.00093995454,0.06433323,-0.00401548
,,,,,
,,,,,
,,,,,
,,,,,
,,,,,
,,,,,
,,,,,
,,,,,
,,,,,
0.06673332,0.32644406,0.07027732,-0.16486369,-0.20008367,-0.08326983
,,,,,
,,,,,
,,,,,
,,,,,
,,,,,
,,,,,
,,,,,
,,,,,
,,,,,
38.639145,200.95798,480.00943,620.73694,495.2583,572.62354
,,,,,
,,,,,
,,,,,
,,,,,
,,,,,
,,,,,
,,,,,
,,,,,
,,,,,
28.54572000000001,238.90791,865.8457,1213.8163,972.20166,1012.68933
,,,,,
,,,,,
,,,,,
,,,,,
,,,,,
,,,,,
,,,,,
,,,,,
,,,,,
9.909903,75.98329,416.72385,720.79846,674.83295,824.4065
,,,,,
,,,,,
,,,,,
,,,,,
,,,,,
,,,,,
,,,,,
,,,,,
,,,,,
6.873684,41.139824,216.40884,373.25656,382.85657,503.58292
,,,,,
,,,,,
,,,,,
,,,,,
,,,,,
,,,,,
,,,,,
,,,,,
,,,,,
4.6441089999999985,25.990047,130.28831,204.29211,232.70279,295.72635
,,,,,
,,,,,
,,,,,
,,,,,
,,,,,
,,,,,
,,,,,
,,,,,
,,,,,
4.050102,20.857327,94.066765,127.4503,146.97823,192.39415
,,,,,
,,,,,
,,,,,
,,,,,
,,,,,
,,,,,
,,,,,
,,,,,
,,,,,
3.2472649,16.759176,74.07693499999998,94.12855,118.2137,127.01777
,,,,,
,,,,,
,,,,,
,,,,,
,,,,,
,,,,,
,,,,,
,,,,,
,,,,,
,,,,,
,,,,,
,,,,,
,,,,,
,,,,,
,,,,,
,,,,,
,,,,,
,,,,,
,,,,,
,,,,,
,,,,,
,,,,,
,,,,,
,,,,,
,,,,,
,,,,,
,,,,,
,,,,,
,,,,,
,,,,,
,,,,,
,,,,,
,,,,,
,,,,,
,,,,,
,,,,,
,,,,,
,,,,,
,,,,,
,,,,,
,,,,,
,,,,,
,,,,,
,,,,,
,,,,,
,,,,,
,,,,,
,,,,,
,,,,,
,,,,,
,,,,,
,,,,,
,,,,,
,,,,,
,,,,,
,,,,,
,,,,,
,,,,,
,,,,,
,,,,,
,,,,,
,,,,,
,,,,,
,,,,,
,,,,,
,,,,,
,,,,,
,,,,,
,,,,,
,,,,,
,,,,,
,,,,,
,,,,,
,,,,,
,,,,,
,,,,,
,,,,,
,,,,,
,,,,,
,,,,,
,,,,,
,,,,,
,,,,,
,,,,,
,,,,,
,,,,,
,,,,,
,,,,,
,,,,,
,,,,,
,,,,,
,,,,,
,,,,,
,,,,,
,,,,,
,,,,,
,,,,,
,,,,,
,,,,,
,,,,,
,,,,,
,,,,,
,,,,,
