flux_u,flux_g,flux_r,flux_i,flux_z,flux_Y
0.065593354,0.07193124,-0.1218444,-0.2068034,0.2629038,0.007180905
,,,,,
-0.16595791,-0.194497,0.07030053,0.05535114,0.075465955,0.05785522
,,,,,
-0.01312654,-0.31001195,0.08786869,0.085457176,0.3545668,0.055437524
,,,,,
-0.21262223,-0.060209583,-0.123925,-0.32635325,0.114305496,-0.15145293
,,,,,
0.96292305,2.0135975,3.3030800000000005,3.7404625,4.0734873,3.7077562999999993
,,,,,
1.9806021,3.9912794,5.9029300000000005,7.280027,7.334587,7.305667999999999
,,,,,
2.7286973,6.389345,9.980188,11.291108,11.718032,11.240576
,,,,,
4.1637645,8.320791,13.435557,16.569166,16.806822,16.990782
,,,,,
4.9032307,10.45609,17.475115,21.123045,22.344664,22.369926
,,,,,
5.254877,12.861506,21.380207,26.27278,28.02167,28.033146
,,,,,
5.7284884000000025,14.44315,25.378132,31.465696,34.072685,34.4755
,,,,,
6.462268,16.290976,28.592854,36.31318,39.701893,40.82601
,,,,,
6.60733,17.815393,31.835567,40.70327,45.65397,47.04312
,,,,,
,,,,,
,,,,,
,,,,,
,,,,,
,,,,,
,,,,,
,,,,,
,,,,,
6.699773,21.282001,43.24574000000001,59.93196,69.72703,74.265884
,,,,,
,,,,,
,,,,,
,,,,,
,,,,,
,,,,,
,,,,,
,,,,,
,,,,,
4.884689,19.312933,45.554398,68.95789,84.19043,94.372215
,,,,,
,,,,,
,,,,,
,,,,,
,,,,,
,,,,,
,,,,,
,,,,,
,,,,,
2.8805618,15.072421,41.160126,68.76146,88.73895,102.78081
,,,,,
,,,,,
,,,,,
,,,,,
,,,,,
,,,,,
,,,,,
,,,,,
,,,,,
1.830051,10.856619,33.59125,61.394928,84.36856,101.53705
,,,,,
,,,,,
,,,,,
,,,,,
,,,,,
,,,,,
,,,,,
,,,,,
,,,,,
1.0840383999999998,6.7284229999999985,25.539278,51.477573,74.911385,94.981125
,,,,,
,,,,,
,,,,,
,,,,,
,,,,,
,,,,,
,,,,,
,,,,,
,,,,,
0.31533885,4.3427544000000005,18.070065,41.048523,63.028175,82.835045
,,,,,
,,,,,
,,,,,
,,,,,
,,,,,
,,,,,
,,,,,
,,,,,
,,,,,
0.16313213,2.143381,12.62377,30.52675,50.924232,69.63325
,,,,,
,,,,,
,,,,,
,,,,,
,,,,,
,,,,,
,,,,,
,,,,,
,,,,,
0.06461826,1.1636563999999998,7.985132000000001,22.383783,39.720272,57.416893
,,,,,
,,,,,
,,,,,
,,,,,
,,,,,
,,,,,
,,,,,
,,,,,
,,,,,
,,,,,
,,,,,
,,,,,
,,,,,
,,,,,
,,,,,
,,,,,
,,,,,
,,,,,
,,,,,
,,,,,
,,,,,
,,,,,
,,,,,
,,,,,
,,,,,
,,,,,
,,,,,
,,,,,
,,,,,
,,,,,
,,,,,
,,,,,
,,,,,
,,,,,
,,,,,
,,,,,
,,,,,
,,,,,
,,,,,
,,,,,
,,,,,
,,,,,
,,,,,
,,,,,
,,,,,
,,,,,
,,,,,
,,,,,
,,,,,
,,,,,
,,,,,
,,,,,
,,,,,
,,,,,
,,,,,
,,,,,
,,,,,
,,,,,
,,,,,
,,,,,
,,,,,
,,,,,
,,,,,
,,,,,
,,,,,
,,,,,
,,,,,
,,,,,
,,,,,
,,,,,
,,,,,
,,,,,
,,,,,
,,,,,
,,,,,
,,,,,
,,,,,
,,,,,
,,,,,
,,,,,
,,,,,
,,,,,
,,,,,
,,,,,
,,,,,
,,,,,
,,,,,
,,,,,
,,,,,
,,,,,
,,,,,
,,,,,
,,,,,
,,,,,
,,,,,
