flux_u,flux_g,flux_r,flux_i,flux_z,flux_Y
-0.040286798,-0.09195432,-0.12508927,-0.0315618,-0.17062373,-0.21149868
,,,,,
0.18352878,-0.0750933,-0.049537424,0.20684867,-0.34518772,-0.3058342
,,,,,
-0.12642023,-0.022506233,-0.23247378,-0.03201297,0.080178216,0.023225002
,,,,,
-0.051376984,-0.08710314,0.29931954,0.12374571,-0.009557947,-0.07528278
,,,,,
0.036406696,-0.14283559,-0.27209467,0.15794198,0.09650063,0.015729303
,,,,,
-0.037759367,0.12856585,0.052493993,0.23615226,0.10213718,0.10880158
,,,,,
-0.06978753,-0.0039753085,-0.2529903,-0.09648981,0.058704283,-0.0032996624
,,,,,
0.047784384000000006,-7.2043535e-05,-0.101158805,-0.17831998,-0.18996745,0.05077663
,,,,,
-0.036891356,-0.103044316,0.37636617,-0.093400136,0.015022158999999997,0.021334216
,,,,,
-0.09485948,0.13219434,0.1662215,0.20585534,0.07648074,0.31939270000000003
,,,,,
,,,,,
,,,,,
,,,,,
,,,,,
,,,,,
,,,,,
,,,,,
,,,,,
0.13747534,0.014734897,0.052301172,0.0069328034,-0.11678809,0.1749157
,,,,,
,,,,,
,,,,,
,,,,,
,,,,,
,,,,,
,,,,,
,,,,,
,,,,,
-0.08896736,-0.0062580374,0.06766897,-0.17499886,-0.12469728,-0.10210379
,,,,,
,,,,,
,,,,,
,,,,,
,,,,,
,,,,,
,,,,,
,,,,,
,,,,,
-0.03330738,0.014850583999999997,-0.049414683,0.10982141,-0.18586516,0.08706083
,,,,,
,,,,,
,,,,,
,,,,,
,,,,,
,,,,,
,,,,,
,,,,,
,,,,,
-0.018026851,0.27343228,-0.114256695,-0.005337119,-0.025589367,0.16053395
,,,,,
,,,,,
,,,,,
,,,,,
,,,,,
,,,,,
,,,,,
,,,,,
,,,,,
10.1778145,28.73333,34.28925,38.254932,35.15971,30.29772800000001
,,,,,
,,,,,
,,,,,
,,,,,
,,,,,
,,,,,
,,,,,
,,,,,
,,,,,
1.7537148,22.434893,50.145603,76.93538000000002,81.68494,75.38096999999998
,,,,,
,,,,,
,,,,,
,,,,,
,,,,,
,,,,,
,,,,,
,,,,,
,,,,,
0.3377364,9.676169,29.42223,59.492214,81.425514,77.62647
,,,,,
,,,,,
,,,,,
,,,,,
,,,,,
,,,,,
,,,,,
,,,,,
,,,,,
0.39170206,4.8150879999999985,8.51863,33.58176,50.593098,50.470875
,,,,,
,,,,,
,,,,,
,,,,,
,,,,,
,,,,,
,,,,,
,,,,,
,,,,,
,,,,,
,,,,,
,,,,,
,,,,,
,,,,,
,,,,,
,,,,,
,,,,,
,,,,,
,,,,,
,,,,,
,,,,,
,,,,,
,,,,,
,,,,,
,,,,,
,,,,,
,,,,,
,,,,,
,,,,,
,,,,,
,,,,,
,,,,,
,,,,,
,,,,,
,,,,,
,,,,,
,,,,,
,,,,,
,,,,,
,,,,,
,,,,,
,,,,,
,,,,,
,,,,,
,,,,,
,,,,,
,,,,,
,,,,,
,,,,,
,,,,,
,,,,,
,,,,,
,,,,,
,,,,,
,,,,,
,,,,,
,,,,,
,,,,,
,,,,,
,,,,,
,,,,,
,,,,,
,,,,,
,,,,,
,,,,,
,,,,,
,,,,,
,,,,,
,,,,,
,,,,,
,,,,,
,,,,,
,,,,,
,,,,,
,,,,,
,,,,,
,,,,,
,,,,,
,,,,,
,,,,,
,,,,,
,,,,,
,,,,,
,,,,,
,,,,,
,,,,,
,,,,,
,,,,,
,,,,,
,,,,,
,,,,,
,,,,,
,,,,,
,,,,,
,,,,,
,,,,,
,,,,,
,,,,,
,,,,,
,,,,,
,,,,,
