flux_u,flux_g,flux_r,flux_i,flux_z,flux_Y
0.18076408,-0.17064406,-0.2721755,0.026416348,-0.11839626,0.049297493
,,,,,
0.07163339,0.31042287,0.07694089999999999,-0.00662007,-0.18510611,0.04531865
,,,,,
-0.014158871000000003,0.021292614,-0.18342209,0.12314938,-0.1053418,-0.12279907
,,,,,
0.20913965,0.13536021,0.20984025,0.24274467,0.04023602,-0.16796370000000002
,,,,,
0.28204906,0.09935634,0.2775562,0.14027494,-0.08304078,-0.031450775
,,,,,
0.05537334,-0.13518026,-0.009571224,-0.33966085,0.28240263,0.05284453
,,,,,
-0.014123858,-0.174584,0.057090458,0.09231809,-0.008213689,0.07386423
,,,,,
0.033780254,0.03651152,-0.002434922,-0.03577977,0.22554284,-0.058898885
,,,,,
0.18619926,-0.11005353,-0.122358255,-0.02439127,-0.07434616,0.2182961
,,,,,
0.2205399,-0.086755015,-0.30811265,-0.06957846,0.046475444000000005,-0.24488676
,,,,,
0.121109545,0.115008734,0.044174243,-0.11319546,-0.19710751,-0.10191744
,,,,,
,,,,,
,,,,,
,,,,,
,,,,,
,,,,,
,,,,,
,,,,,
,,,,,
-0.109065615,-0.05444664,0.34385970000000005,0.018389653,0.23987891,0.18357542
,,,,,
,,,,,
,,,,,
,,,,,
,,,,,
,,,,,
,,,,,
,,,,,
,,,,,
0.2816882,3.8843164,10.210701,9.046753,7.183623,8.6245985
,,,,,
,,,,,
,,,,,
,,,,,
,,,,,
,,,,,
,,,,,
,,,,,
,,,,,
0.71056396,7.156145,21.290804,21.96303,19.816614,19.909388
,,,,,
,,,,,
,,,,,
,,,,,
,,,,,
,,,,,
,,,,,
,,,,,
,,,,,
0.6307507,4.828651,25.358568,28.962717,31.005293,28.28183
,,,,,
,,,,,
,,,,,
,,,,,
,,,,,
,,,,,
,,,,,
,,,,,
,,,,,
0.47344097,2.4160058,15.621822,24.029259,34.55038,28.620296000000003
,,,,,
,,,,,
,,,,,
,,,,,
,,,,,
,,,,,
,,,,,
,,,,,
,,,,,
0.1361123,0.4805702,6.3455973,14.493119,26.29492,19.835420000000006
,,,,,
,,,,,
,,,,,
,,,,,
,,,,,
,,,,,
,,,,,
,,,,,
,,,,,
0.11383606,0.47286567,2.2183733,8.335058,16.088226000000002,13.659494
,,,,,
,,,,,
,,,,,
,,,,,
,,,,,
,,,,,
,,,,,
,,,,,
,,,,,
-0.0023170693,0.14922212,1.983865,4.7627254,11.45582,10.394005
,,,,,
,,,,,
,,,,,
,,,,,
,,,,,
,,,,,
,,,,,
,,,,,
,,,,,
,,,,,
,,,,,
,,,,,
,,,,,
,,,,,
,,,,,
,,,,,
,,,,,
,,,,,
,,,,,
,,,,,
,,,,,
,,,,,
,,,,,
,,,,,
,,,,,
,,,,,
,,,,,
,,,,,
,,,,,
,,,,,
,,,,,
,,,,,
,,,,,
,,,,,
,,,,,
,,,,,
,,,,,
,,,,,
,,,,,
,,,,,
,,,,,
,,,,,
,,,,,
,,,,,
,,,,,
,,,,,
,,,,,
,,,,,
,,,,,
,,,,,
,,,,,
,,,,,
,,,,,
,,,,,
,,,,,
,,,,,
,,,,,
,,,,,
,,,,,
,,,,,
,,,,,
,,,,,
,,,,,
,,,,,
,,,,,
,,,,,
,,,,,
,,,,,
,,,,,
,,,,,
,,,,,
,,,,,
,,,,,
,,,,,
,,,,,
,,,,,
,,,,,
,,,,,
,,,,,
,,,,,
,,,,,
,,,,,
,,,,,
,,,,,
,,,,,
,,,,,
,,,,,
,,,,,
,,,,,
,,,,,
,,,,,
,,,,,
,,,,,
,,,,,
,,,,,
,,,,,
,,,,,
,,,,,
,,,,,
