flux_u,flux_g,flux_r,flux_i,flux_z,flux_Y
-0.2556729,0.08872534,-0.111810535,-0.07925499999999999,0.020894937,0.021142825
,,,,,
-0.2838676,-0.16303281,0.27241114,-0.18222013,-0.13524887,0.15958922
,,,,,
-0.0901519,0.068340905,-0.07655304,0.20466402,0.012301568999999998,0.0023883088
,,,,,
-0.093974,0.07170767,-0.20421617,0.0030818458,0.118394285,0.18463948
,,,,,
-0.08129426,0.057143018,0.016845152,0.03674138,-0.09662786,-0.007313175
,,,,,
,,,,,
,,,,,
,,,,,
,,,,,
,,,,,
,,,,,
,,,,,
,,,,,
0.02124012,-0.24214123,-0.066548765,0.117928915,-0.24630319,0.024468007000000003
,,,,,
,,,,,
,,,,,
,,,,,
,,,,,
,,,,,
,,,,,
,,,,,
,,,,,
-0.16361432,0.107282974,0.13379852,0.035175096,-0.13370714,-0.14232342
,,,,,
,,,,,
,,,,,
,,,,,
,,,,,
,,,,,
,,,,,
,,,,,
,,,,,
0.0055536404,0.12043763,0.4495883,-0.032539755,-0.3055637,0.13674636
,,,,,
,,,,,
,,,,,
,,,,,
,,,,,
,,,,,
,,,,,
,,,,,
,,,,,
0.9166811,8.393003,22.566078,27.469912,25.484827,23.11686700000001
,,,,,
,,,,,
,,,,,
,,,,,
,,,,,
,,,,,
,,,,,
,,,,,
,,,,,
1.0408199,7.1930130000000005,18.297514000000003,32.663795,35.65493400000001,33.88704
,,,,,
,,,,,
,,,,,
,,,,,
,,,,,
,,,,,
,,,,,
,,,,,
,,,,,
0.4292681,3.125543,11.304718,27.15446,34.14951,34.650948
,,,,,
,,,,,
,,,,,
,,,,,
,,,,,
,,,,,
,,,,,
,,,,,
,,,,,
0.18175842,1.6858534,7.168112299999999,19.390606,25.34221,28.296822
,,,,,
,,,,,
,,,,,
,,,,,
,,,,,
,,,,,
,,,,,
,,,,,
,,,,,
0.07324553,1.1250988000000002,4.958478,13.638667000000002,19.508953,20.587305
,,,,,
,,,,,
,,,,,
,,,,,
,,,,,
,,,,,
,,,,,
,,,,,
,,,,,
,,,,,
,,,,,
,,,,,
,,,,,
,,,,,
,,,,,
,,,,,
,,,,,
,,,,,
,,,,,
,,,,,
,,,,,
,,,,,
,,,,,
,,,,,
,,,,,
,,,,,
,,,,,
,,,,,
,,,,,
,,,,,
,,,,,
,,,,,
,,,,,
,,,,,
,,,,,
,,,,,
,,,,,
,,,,,
,,,,,
,,,,,
,,,,,
,,,,,
,,,,,
,,,,,
,,,,,
,,,,,
,,,,,
,,,,,
,,,,,
,,,,,
,,,,,
,,,,,
,,,,,
,,,,,
,,,,,
,,,,,
,,,,,
,,,,,
,,,,,
,,,,,
,,,,,
,,,,,
,,,,,
,,,,,
,,,,,
,,,,,
,,,,,
,,,,,
,,,,,
,,,,,
,,,,,
,,,,,
,,,,,
,,,,,
,,,,,
,,,,,
,,,,,
,,,,,
,,,,,
,,,,,
,,,,,
,,,,,
,,,,,
,,,,,
,,,,,
,,,,,
,,,,,
,,,,,
,,,,,
,,,,,
,,,,,
,,,,,
,,,,,
,,,,,
,,,,,
,,,,,
,,,,,
,,,,,
,,,,,
,,,,,
,,,,,
,,,,,
,,,,,
,,,,,
,,,,,
,,,,,
,,,,,
,,,,,
,,,,,
,,,,,
,,,,,
