flux_u,flux_g,flux_r,flux_i,flux_z,flux_Y
0.029290462000000007,0.8223130999999999,0.8984339,1.1707938999999998,1.2690742,1.0572945
,,,,,
0.47473,1.28873,1.8695724,2.154512,2.3011723,1.9914155
,,,,,
0.42939845,1.9263905,2.5323849,3.0426834,3.2516978,3.2949529
,,,,,
0.4681545,3.1437309,4.0309467,4.654783,4.427845,4.0925536
,,,,,
1.0092409,4.244015,5.5972376,6.0864053,5.8692150000000005,5.263763
,,,,,
0.78014207,5.647059,7.7107477,8.062145,7.3162827,6.728491
,,,,,
1.0086399,6.5186660000000005,8.784406,9.18575,8.639602,8.005925
,,,,,
1.243267,7.770376,9.963767,10.891884,9.89409,8.768089999999999
,,,,,
1.1850437,8.318197999999999,11.241429,11.774419,10.99389,9.788618
,,,,,
1.135414,9.060385,12.923797,13.005103,12.326766,10.959502
,,,,,
1.0817178,8.9444895,13.013381,13.821146,12.848704,11.778408
,,,,,
,,,,,
,,,,,
,,,,,
,,,,,
,,,,,
,,,,,
,,,,,
,,,,,
0.923108,6.3229989999999985,11.423693,14.893301,17.06494,14.9101715
,,,,,
,,,,,
,,,,,
,,,,,
,,,,,
,,,,,
,,,,,
,,,,,
,,,,,
0.78098094,7.232172500000001,17.058489,21.118477,24.3228,21.455753
,,,,,
,,,,,
,,,,,
,,,,,
,,,,,
,,,,,
,,,,,
,,,,,
,,,,,
1.6459529999999998,12.415715,28.442297,34.136776,33.597652000000004,29.351585
,,,,,
,,,,,
,,,,,
,,,,,
,,,,,
,,,,,
,,,,,
,,,,,
,,,,,
1.3016173999999998,13.413221,32.033768,37.97111500000001,38.002083,33.7388
,,,,,
,,,,,
,,,,,
,,,,,
,,,,,
,,,,,
,,,,,
,,,,,
,,,,,
1.376789,9.815129,23.865877,32.73788,35.97966,33.782059999999994
,,,,,
,,,,,
,,,,,
,,,,,
,,,,,
,,,,,
,,,,,
,,,,,
,,,,,
0.88849014,5.6292224000000015,14.706164,22.456379,29.798962,28.362694
,,,,,
,,,,,
,,,,,
,,,,,
,,,,,
,,,,,
,,,,,
,,,,,
,,,,,
0.51454496,2.9544585,7.770119,14.198456,20.927443,20.484888
,,,,,
,,,,,
,,,,,
,,,,,
,,,,,
,,,,,
,,,,,
,,,,,
,,,,,
0.35630202,1.8651066000000005,4.215119400000002,8.747663000000001,12.923376,13.106859
,,,,,
,,,,,
,,,,,
,,,,,
,,,,,
,,,,,
,,,,,
,,,,,
,,,,,
,,,,,
,,,,,
,,,,,
,,,,,
,,,,,
,,,,,
,,,,,
,,,,,
,,,,,
,,,,,
,,,,,
,,,,,
,,,,,
,,,,,
,,,,,
,,,,,
,,,,,
,,,,,
,,,,,
,,,,,
,,,,,
,,,,,
,,,,,
,,,,,
,,,,,
,,,,,
,,,,,
,,,,,
,,,,,
,,,,,
,,,,,
,,,,,
,,,,,
,,,,,
,,,,,
,,,,,
,,,,,
,,,,,
,,,,,
,,,,,
,,,,,
,,,,,
,,,,,
,,,,,
,,,,,
,,,,,
,,,,,
,,,,,
,,,,,
,,,,,
,,,,,
,,,,,
,,,,,
,,,,,
,,,,,
,,,,,
,,,,,
,,,,,
,,,,,
,,,,,
,,,,,
,,,,,
,,,,,
,,,,,
,,,,,
,,,,,
,,,,,
,,,,,
,,,,,
,,,,,
,,,,,
,,,,,
,,,,,
,,,,,
,,,,,
,,,,,
,,,,,
,,,,,
,,,,,
,,,,,
,,,,,
,,,,,
,,,,,
,,,,,
,,,,,
,,,,,
,,,,,
,,,,,
,,,,,
,,,,,
