flux_u,flux_g,flux_r,flux_i,flux_z,flux_Y
0.14585459,0.016991118,-0.06481527,-0.0011954734,0.037748564,-0.09632466
,,,,,
-0.110112995,0.03278326,-0.28572574,0.17192979999999994,0.047557272000000005,0.27929136
,,,,,
0.06536435,0.48917204,0.04427494,0.14440678,-0.10261038,0.0058985474
,,,,,
-0.14699578,-0.022430131,-0.062313773,-0.03526523,-0.0865258,-0.014023514
,,,,,
-0.2776605,0.2043608,0.102594964,-0.031995147,-0.23959452,-0.025932597
,,,,,
-0.048716042,0.071236946,-0.12666515,0.3575389,-0.06403821,0.124214776
,,,,,
-0.13020147,-0.06654349999999999,-0.15923482,0.021427691,0.025809046,0.110455945
,,,,,
0.09883512,-0.06733864,-0.27407092,-0.0033047004,-0.021680148,0.055873938
,,,,,
0.14332095,0.19104831,0.014267407,0.07764937,-0.29638004,-0.23318608
,,,,,
,,,,,
,,,,,
,,,,,
,,,,,
,,,,,
,,,,,
,,,,,
,,,,,
0.0262062,-0.13386697,0.08191243,-0.009849158,-0.1506069,-0.044077534
,,,,,
,,,,,
,,,,,
,,,,,
,,,,,
,,,,,
,,,,,
,,,,,
,,,,,
-0.093238786,0.0022296966,0.34569144,0.23081034,-0.04056005,-0.10112838
,,,,,
,,,,,
,,,,,
,,,,,
,,,,,
,,,,,
,,,,,
,,,,,
,,,,,
0.11203094,0.06459074,-0.12712143,-0.14810152,0.15133728,-0.0099397525
,,,,,
,,,,,
,,,,,
,,,,,
,,,,,
,,,,,
,,,,,
,,,,,
,,,,,
34.95666,37.77876,26.714468,25.040348,18.698881,22.816223
,,,,,
,,,,,
,,,,,
,,,,,
,,,,,
,,,,,
,,,,,
,,,,,
,,,,,
9.849897,21.958302,27.066242,28.42198,24.589455,28.96962700000001
,,,,,
,,,,,
,,,,,
,,,,,
,,,,,
,,,,,
,,,,,
,,,,,
,,,,,
2.4492807,9.992114,19.019123,21.343554,22.051294,27.304735
,,,,,
,,,,,
,,,,,
,,,,,
,,,,,
,,,,,
,,,,,
,,,,,
,,,,,
0.70673925,4.160605,13.758271,18.814854,20.729914,24.075674
,,,,,
,,,,,
,,,,,
,,,,,
,,,,,
,,,,,
,,,,,
,,,,,
,,,,,
0.23209639,1.7529441000000003,9.483393,17.148842000000002,16.778625,22.170391
,,,,,
,,,,,
,,,,,
,,,,,
,,,,,
,,,,,
,,,,,
,,,,,
,,,,,
,,,,,
,,,,,
,,,,,
,,,,,
,,,,,
,,,,,
,,,,,
,,,,,
,,,,,
,,,,,
,,,,,
,,,,,
,,,,,
,,,,,
,,,,,
,,,,,
,,,,,
,,,,,
,,,,,
,,,,,
,,,,,
,,,,,
,,,,,
,,,,,
,,,,,
,,,,,
,,,,,
,,,,,
,,,,,
,,,,,
,,,,,
,,,,,
,,,,,
,,,,,
,,,,,
,,,,,
,,,,,
,,,,,
,,,,,
,,,,,
,,,,,
,,,,,
,,,,,
,,,,,
,,,,,
,,,,,
,,,,,
,,,,,
,,,,,
,,,,,
,,,,,
,,,,,
,,,,,
,,,,,
,,,,,
,,,,,
,,,,,
,,,,,
,,,,,
,,,,,
,,,,,
,,,,,
,,,,,
,,,,,
,,,,,
,,,,,
,,,,,
,,,,,
,,,,,
,,,,,
,,,,,
,,,,,
,,,,,
,,,,,
,,,,,
,,,,,
,,,,,
,,,,,
,,,,,
,,,,,
,,,,,
,,,,,
,,,,,
,,,,,
,,,,,
,,,,,
,,,,,
,,,,,
,,,,,
,,,,,
,,,,,
,,,,,
,,,,,
,,,,,
