flux_u,flux_g,flux_r,flux_i,flux_z,flux_Y
-0.062042106,0.005002095,-0.096818864,0.04968265,0.14960237,-0.103755265
,,,,,
-0.040598836,0.12958868,0.023084331,0.02223718,0.00068114424,-0.15245415
,,,,,
0.116512425,-0.0002948604,0.074497834,0.15159802,-0.05767681,0.11996081
,,,,,
0.09442412,0.021770766,-0.07563928,0.02742602,0.13192353,0.0051564267
,,,,,
-0.09380233,0.08437881,-0.05009463,-0.25239852,0.19672263,-0.030638676
,,,,,
-0.2242839,-0.16744299,0.016629247,0.057909478,-0.10064803,-0.18461162
,,,,,
0.11867001,0.18063453,0.17294051,-0.09125368,0.072612055,-0.10990862
,,,,,
,,,,,
,,,,,
,,,,,
,,,,,
,,,,,
,,,,,
,,,,,
,,,,,
-0.010005797,0.09355583,-0.16472422,0.010967538,-0.06773989,0.11640761
,,,,,
,,,,,
,,,,,
,,,,,
,,,,,
,,,,,
,,,,,
,,,,,
,,,,,
0.17114234,2.6599548,8.266005499999999,4.9021940000000015,3.291882,5.5121730000000015
,,,,,
,,,,,
,,,,,
,,,,,
,,,,,
,,,,,
,,,,,
,,,,,
,,,,,
0.9117433,8.426183,22.641245,22.244267,19.758184,19.985989
,,,,,
,,,,,
,,,,,
,,,,,
,,,,,
,,,,,
,,,,,
,,,,,
,,,,,
1.0632124,8.730175,34.00314,36.330906,35.36393,33.673790000000004
,,,,,
,,,,,
,,,,,
,,,,,
,,,,,
,,,,,
,,,,,
,,,,,
,,,,,
0.7280582,6.443477,37.17351,43.871277,47.225662,43.20455
,,,,,
,,,,,
,,,,,
,,,,,
,,,,,
,,,,,
,,,,,
,,,,,
,,,,,
0.4397506,3.3764540000000003,25.06602,40.303886,55.853962,45.79007
,,,,,
,,,,,
,,,,,
,,,,,
,,,,,
,,,,,
,,,,,
,,,,,
,,,,,
0.48231834,1.3591173,14.294873,32.840796999999995,50.092297,25.099873
,,,,,
,,,,,
,,,,,
,,,,,
,,,,,
,,,,,
,,,,,
,,,,,
,,,,,
0.02273624,0.58450705,4.9305153,18.638958,28.916697,18.25967
,,,,,
,,,,,
,,,,,
,,,,,
,,,,,
,,,,,
,,,,,
,,,,,
,,,,,
,,,,,
,,,,,
,,,,,
,,,,,
,,,,,
,,,,,
,,,,,
,,,,,
,,,,,
,,,,,
,,,,,
,,,,,
,,,,,
,,,,,
,,,,,
,,,,,
,,,,,
,,,,,
,,,,,
,,,,,
,,,,,
,,,,,
,,,,,
,,,,,
,,,,,
,,,,,
,,,,,
,,,,,
,,,,,
,,,,,
,,,,,
,,,,,
,,,,,
,,,,,
,,,,,
,,,,,
,,,,,
,,,,,
,,,,,
,,,,,
,,,,,
,,,,,
,,,,,
,,,,,
,,,,,
,,,,,
,,,,,
,,,,,
,,,,,
,,,,,
,,,,,
,,,,,
,,,,,
,,,,,
,,,,,
,,,,,
,,,,,
,,,,,
,,,,,
,,,,,
,,,,,
,,,,,
,,,,,
,,,,,
,,,,,
,,,,,
,,,,,
,,,,,
,,,,,
,,,,,
,,,,,
,,,,,
,,,,,
,,,,,
,,,,,
,,,,,
,,,,,
,,,,,
,,,,,
,,,,,
,,,,,
,,,,,
,,,,,
,,,,,
,,,,,
,,,,,
,,,,,
,,,,,
,,,,,
,,,,,
,,,,,
,,,,,
,,,,,
,,,,,
,,,,,
,,,,,
,,,,,
,,,,,
