flux_u,flux_g,flux_r,flux_i,flux_z,flux_Y
0.24388339,-0.06995298,-0.25767255,0.107928544,0.11960013,-0.012914306499999998
,,,,,
-0.081515975,0.05634162,0.0141742965,0.15643425,-0.076222,0.07625341
,,,,,
-0.037271082,-0.16436583,0.033965382999999995,-0.023257587000000003,-0.23556325,0.04005143
,,,,,
-0.07935232,-0.05132028,-0.07968456,-0.13252936,-0.10460402,0.042654495999999986
,,,,,
-0.1251265,0.24896398,0.018582381,-0.011840028999999998,0.015894605,0.010576476
,,,,,
-0.012116825,-0.16821858,0.10910002,-0.1036534,0.14743568,-0.01647145
,,,,,
0.024637919,0.05258363,-0.20792533,0.110618085,-0.08733871,0.011364764
,,,,,
0.16847973,0.035410000000000004,-0.21917424,-0.099327534,0.027677754,0.07761714
,,,,,
-0.035458237000000004,-0.008860316,-0.13944845,-0.19578548,0.45093635,0.020949747
,,,,,
,,,,,
,,,,,
,,,,,
,,,,,
,,,,,
,,,,,
,,,,,
,,,,,
-0.43607366,0.06606173,0.07938791,-0.019798117,0.022839475,0.04496322
,,,,,
,,,,,
,,,,,
,,,,,
,,,,,
,,,,,
,,,,,
,,,,,
,,,,,
0.02492901,0.16353124,-0.07711607,0.022611417,0.29472294,-0.08080907
,,,,,
,,,,,
,,,,,
,,,,,
,,,,,
,,,,,
,,,,,
,,,,,
,,,,,
120.67383,52.28154,30.66335,28.355326,27.97126,26.277401
,,,,,
,,,,,
,,,,,
,,,,,
,,,,,
,,,,,
,,,,,
,,,,,
,,,,,
26.170065,53.75864,45.477463,45.933666,49.92646,51.587666
,,,,,
,,,,,
,,,,,
,,,,,
,,,,,
,,,,,
,,,,,
,,,,,
,,,,,
18.110548,27.899857,42.398243,44.19623,46.852776,44.79559
,,,,,
,,,,,
,,,,,
,,,,,
,,,,,
,,,,,
,,,,,
,,,,,
,,,,,
9.663477,14.94847,34.475487,42.107323,45.554432,42.420807
,,,,,
,,,,,
,,,,,
,,,,,
,,,,,
,,,,,
,,,,,
,,,,,
,,,,,
3.004448,9.929373,29.380219,39.838917,44.06605,40.993866
,,,,,
,,,,,
,,,,,
,,,,,
,,,,,
,,,,,
,,,,,
,,,,,
,,,,,
0.51686716,6.660769,26.715685,38.768394,43.631542,41.97877
,,,,,
,,,,,
,,,,,
,,,,,
,,,,,
,,,,,
,,,,,
,,,,,
,,,,,
,,,,,
,,,,,
,,,,,
,,,,,
,,,,,
,,,,,
,,,,,
,,,,,
,,,,,
,,,,,
,,,,,
,,,,,
,,,,,
,,,,,
,,,,,
,,,,,
,,,,,
,,,,,
,,,,,
,,,,,
,,,,,
,,,,,
,,,,,
,,,,,
,,,,,
,,,,,
,,,,,
,,,,,
,,,,,
,,,,,
,,,,,
,,,,,
,,,,,
,,,,,
,,,,,
,,,,,
,,,,,
,,,,,
,,,,,
,,,,,
,,,,,
,,,,,
,,,,,
,,,,,
,,,,,
,,,,,
,,,,,
,,,,,
,,,,,
,,,,,
,,,,,
,,,,,
,,,,,
,,,,,
,,,,,
,,,,,
,,,,,
,,,,,
,,,,,
,,,,,
,,,,,
,,,,,
,,,,,
,,,,,
,,,,,
,,,,,
,,,,,
,,,,,
,,,,,
,,,,,
,,,,,
,,,,,
,,,,,
,,,,,
,,,,,
,,,,,
,,,,,
,,,,,
,,,,,
,,,,,
,,,,,
,,,,,
,,,,,
,,,,,
,,,,,
,,,,,
,,,,,
,,,,,
,,,,,
,,,,,
,,,,,
,,,,,
,,,,,
,,,,,
