flux_u,flux_g,flux_r,flux_i,flux_z,flux_Y
0.33389202,-0.042349285999999986,-0.14318182,0.058806956,-0.19849181,-0.29869077
,,,,,
0.08631737,0.068587065,0.11838857,-0.0070955716,0.2065797,-0.11501163
,,,,,
-0.025323065,-0.024950678,-0.15408415,-0.20161738,-0.04741209,-0.09214777
,,,,,
-0.007253857,0.33893,-0.03790334,-0.05149310000000002,0.015103077,0.1754111
,,,,,
0.2957181,-0.08935804,-0.090588786,-0.4231808,0.23511244,0.078842185
,,,,,
-0.14201364,-0.035155583,0.107652985,0.06132096400000001,-0.11892201,-0.32356903
,,,,,
0.1071147,-0.06521369,0.1878607,0.09463128,-0.1221091,-0.17370075
,,,,,
0.01568626,-0.121887974,0.15038906,-0.17236929,0.010598091,-0.098782144
,,,,,
,,,,,
,,,,,
,,,,,
,,,,,
,,,,,
,,,,,
,,,,,
,,,,,
0.016862426,0.12282558,0.16738158,-0.12373566,-0.07897282,0.17609994
,,,,,
,,,,,
,,,,,
,,,,,
,,,,,
,,,,,
,,,,,
,,,,,
,,,,,
-0.03897708,-0.07734163,0.09504165,0.11082111,0.018397022,0.05754663400000001
,,,,,
,,,,,
,,,,,
,,,,,
,,,,,
,,,,,
,,,,,
,,,,,
,,,,,
-0.088883355,-0.15407182,0.029578216,0.030710788,-0.076044664,-0.0504446
,,,,,
,,,,,
,,,,,
,,,,,
,,,,,
,,,,,
,,,,,
,,,,,
,,,,,
112.71238,64.865944,34.511276,29.0576,26.0633,25.166494
,,,,,
,,,,,
,,,,,
,,,,,
,,,,,
,,,,,
,,,,,
,,,,,
,,,,,
37.351524,44.92386,33.921634999999995,31.909039,29.048582,31.42487
,,,,,
,,,,,
,,,,,
,,,,,
,,,,,
,,,,,
,,,,,
,,,,,
,,,,,
22.564932,23.104055,26.76857,28.53903,25.829361,26.624523
,,,,,
,,,,,
,,,,,
,,,,,
,,,,,
,,,,,
,,,,,
,,,,,
,,,,,
7.118542999999999,12.124592,20.020952,22.384075,23.254768,23.247784
,,,,,
,,,,,
,,,,,
,,,,,
,,,,,
,,,,,
,,,,,
,,,,,
,,,,,
1.7131518,6.6289789999999975,15.3866005,18.782915,20.69192,21.813625
,,,,,
,,,,,
,,,,,
,,,,,
,,,,,
,,,,,
,,,,,
,,,,,
,,,,,
,,,,,
,,,,,
,,,,,
,,,,,
,,,,,
,,,,,
,,,,,
,,,,,
,,,,,
,,,,,
,,,,,
,,,,,
,,,,,
,,,,,
,,,,,
,,,,,
,,,,,
,,,,,
,,,,,
,,,,,
,,,,,
,,,,,
,,,,,
,,,,,
,,,,,
,,,,,
,,,,,
,,,,,
,,,,,
,,,,,
,,,,,
,,,,,
,,,,,
,,,,,
,,,,,
,,,,,
,,,,,
,,,,,
,,,,,
,,,,,
,,,,,
,,,,,
,,,,,
,,,,,
,,,,,
,,,,,
,,,,,
,,,,,
,,,,,
,,,,,
,,,,,
,,,,,
,,,,,
,,,,,
,,,,,
,,,,,
,,,,,
,,,,,
,,,,,
,,,,,
,,,,,
,,,,,
,,,,,
,,,,,
,,,,,
,,,,,
,,,,,
,,,,,
,,,,,
,,,,,
,,,,,
,,,,,
,,,,,
,,,,,
,,,,,
,,,,,
,,,,,
,,,,,
,,,,,
,,,,,
,,,,,
,,,,,
,,,,,
,,,,,
,,,,,
,,,,,
,,,,,
,,,,,
,,,,,
,,,,,
,,,,,
,,,,,
,,,,,
,,,,,
,,,,,
,,,,,
