flux_u,flux_g,flux_r,flux_i,flux_z,flux_Y
-0.019922012,0.10707188,0.10254689,0.13248515,-0.15074465,0.03847219
,,,,,
-0.30196747,0.032098394,0.040276065,0.16476522,0.10276581,0.04633237
,,,,,
0.13505004,-0.10252674,-0.19864316,-0.04249067,-0.024099153,-0.12258996
,,,,,
-0.16584504,-0.23479363,0.10825522,-0.12067019,-0.14890316,0.08352031
,,,,,
0.2026303,-0.090972275,-0.05645026,-0.026628105,-0.52977633,0.3208327
,,,,,
-0.11173304,-0.16084145,-0.27997676,0.04418698,0.009090027,-0.015261891
,,,,,
-0.11462224,0.088875,-0.014802157,0.046325315,-0.10978238,-0.21494831
,,,,,
-0.07897952,-0.15407436,0.07251172,-0.13078089,0.1947506,0.1869092
,,,,,
0.11832899,0.20729038,0.00068559276,0.036845732,-0.11103732,0.028151294
,,,,,
0.041552853,0.14249982,0.06329437,0.0068561216,0.30198509,-0.18900496
,,,,,
,,,,,
,,,,,
,,,,,
,,,,,
,,,,,
,,,,,
,,,,,
,,,,,
1.280308,2.520433,3.3095962999999995,3.5637033,3.3389738,3.196006
,,,,,
,,,,,
,,,,,
,,,,,
,,,,,
,,,,,
,,,,,
,,,,,
,,,,,
2.8431792,5.160284,7.4011183,8.368586,8.132242999999999,8.263950999999999
,,,,,
,,,,,
,,,,,
,,,,,
,,,,,
,,,,,
,,,,,
,,,,,
,,,,,
3.8101922999999993,7.870189,11.725815,13.877142999999998,14.037385999999998,13.769189
,,,,,
,,,,,
,,,,,
,,,,,
,,,,,
,,,,,
,,,,,
,,,,,
,,,,,
3.920388200000001,9.924715,16.05808,19.216085,20.253838,20.377209
,,,,,
,,,,,
,,,,,
,,,,,
,,,,,
,,,,,
,,,,,
,,,,,
,,,,,
5.061947,11.565631,20.21384,25.173384,26.348652,26.868532
,,,,,
,,,,,
,,,,,
,,,,,
,,,,,
,,,,,
,,,,,
,,,,,
,,,,,
4.5292473,12.582388,22.564001,28.634619,32.23755,32.52032
,,,,,
,,,,,
,,,,,
,,,,,
,,,,,
,,,,,
,,,,,
,,,,,
,,,,,
1.3975973999999998,5.579096,12.339305,18.63027,22.449333,24.46924
,,,,,
,,,,,
,,,,,
,,,,,
,,,,,
,,,,,
,,,,,
,,,,,
,,,,,
0.17201914,1.7863154,5.5091662,9.593142,12.942328,15.388643
,,,,,
,,,,,
,,,,,
,,,,,
,,,,,
,,,,,
,,,,,
,,,,,
,,,,,
,,,,,
,,,,,
,,,,,
,,,,,
,,,,,
,,,,,
,,,,,
,,,,,
,,,,,
,,,,,
,,,,,
,,,,,
,,,,,
,,,,,
,,,,,
,,,,,
,,,,,
,,,,,
,,,,,
,,,,,
,,,,,
,,,,,
,,,,,
,,,,,
,,,,,
,,,,,
,,,,,
,,,,,
,,,,,
,,,,,
,,,,,
,,,,,
,,,,,
,,,,,
,,,,,
,,,,,
,,,,,
,,,,,
,,,,,
,,,,,
,,,,,
,,,,,
,,,,,
,,,,,
,,,,,
,,,,,
,,,,,
,,,,,
,,,,,
,,,,,
,,,,,
,,,,,
,,,,,
,,,,,
,,,,,
,,,,,
,,,,,
,,,,,
,,,,,
,,,,,
,,,,,
,,,,,
,,,,,
,,,,,
,,,,,
,,,,,
,,,,,
,,,,,
,,,,,
,,,,,
,,,,,
,,,,,
,,,,,
,,,,,
,,,,,
,,,,,
,,,,,
,,,,,
,,,,,
,,,,,
,,,,,
,,,,,
,,,,,
,,,,,
,,,,,
,,,,,
,,,,,
,,,,,
,,,,,
,,,,,
,,,,,
,,,,,
