flux_u,flux_g,flux_r,flux_i,flux_z,flux_Y
0.12569003,-0.121411264,0.23874122,0.1589494,0.11108736,-0.08438232
,,,,,
0.057239,0.015891794,-0.19771501,-0.229636,0.15324737,0.049017042
,,,,,
-0.033348825,-0.18224806,0.014102428,0.07818186,-0.043612156,0.11967497
,,,,,
0.047680438,0.12381356,-0.07709899,0.07978427,0.012199016000000002,0.21047708
,,,,,
0.083193086,0.28257990000000005,-0.010624067,0.11518363,0.102938876,-0.081101306
,,,,,
0.2727163,0.16603047,0.102621116,-0.015525566,-0.031472605,-0.17749557
,,,,,
-0.10190282,0.07970481,-0.064234376,0.21091019,0.0052333423,0.015232108
,,,,,
-0.03234985,0.16357107,0.11099051,0.05795286,-0.1435519,0.12427019
,,,,,
0.013671457,-0.017889103,0.13308392,0.062479295,0.14279142,-0.21781725
,,,,,
,,,,,
,,,,,
,,,,,
,,,,,
,,,,,
,,,,,
,,,,,
,,,,,
-0.02894979,-0.02081014,-0.16556486,0.04256372,0.15693013,0.08699122
,,,,,
,,,,,
,,,,,
,,,,,
,,,,,
,,,,,
,,,,,
,,,,,
,,,,,
0.13042237,1.0736092,3.4627464,4.187762,0.5989071,1.9557564
,,,,,
,,,,,
,,,,,
,,,,,
,,,,,
,,,,,
,,,,,
,,,,,
,,,,,
0.57079303,2.7457182,12.501601,13.789659,12.904564,11.202614
,,,,,
,,,,,
,,,,,
,,,,,
,,,,,
,,,,,
,,,,,
,,,,,
,,,,,
0.5678766,3.731836,17.784784,23.966198,21.772251,21.14897
,,,,,
,,,,,
,,,,,
,,,,,
,,,,,
,,,,,
,,,,,
,,,,,
,,,,,
0.1660651,2.8442202,18.617403,30.245691,27.689602,29.409868
,,,,,
,,,,,
,,,,,
,,,,,
,,,,,
,,,,,
,,,,,
,,,,,
,,,,,
0.120573,1.158457,11.489733,24.604633,26.244616,34.81493
,,,,,
,,,,,
,,,,,
,,,,,
,,,,,
,,,,,
,,,,,
,,,,,
,,,,,
-0.08394742,0.4694627000000001,5.76588,15.656479999999998,21.436481,29.723223
,,,,,
,,,,,
,,,,,
,,,,,
,,,,,
,,,,,
,,,,,
,,,,,
,,,,,
0.15857583,0.08555637,2.0970962,7.5591490000000015,12.387548,19.888535
,,,,,
,,,,,
,,,,,
,,,,,
,,,,,
,,,,,
,,,,,
,,,,,
,,,,,
,,,,,
,,,,,
,,,,,
,,,,,
,,,,,
,,,,,
,,,,,
,,,,,
,,,,,
,,,,,
,,,,,
,,,,,
,,,,,
,,,,,
,,,,,
,,,,,
,,,,,
,,,,,
,,,,,
,,,,,
,,,,,
,,,,,
,,,,,
,,,,,
,,,,,
,,,,,
,,,,,
,,,,,
,,,,,
,,,,,
,,,,,
,,,,,
,,,,,
,,,,,
,,,,,
,,,,,
,,,,,
,,,,,
,,,,,
,,,,,
,,,,,
,,,,,
,,,,,
,,,,,
,,,,,
,,,,,
,,,,,
,,,,,
,,,,,
,,,,,
,,,,,
,,,,,
,,,,,
,,,,,
,,,,,
,,,,,
,,,,,
,,,,,
,,,,,
,,,,,
,,,,,
,,,,,
,,,,,
,,,,,
,,,,,
,,,,,
,,,,,
,,,,,
,,,,,
,,,,,
,,,,,
,,,,,
,,,,,
,,,,,
,,,,,
,,,,,
,,,,,
,,,,,
,,,,,
,,,,,
,,,,,
,,,,,
,,,,,
,,,,,
,,,,,
,,,,,
,,,,,
,,,,,
,,,,,
,,,,,
,,,,,
,,,,,
,,,,,
,,,,,
