flux_u,flux_g,flux_r,flux_i,flux_z,flux_Y
0.21306771,-0.06771532,0.09912082,0.12122683,-0.02703242,0.08440214
,,,,,
-0.061611917,-0.19224796,0.012759151000000002,0.17300074,0.026512936,0.17984982
,,,,,
-0.07402811,-0.11308826,0.18889907,0.103969365,-0.28858373,0.10299499
,,,,,
0.08629473,0.037482686,0.18874621,0.071969844,0.1224413,-0.14442149
,,,,,
0.003148746,-0.018702198,-0.08095963,-0.16279747,-0.17525406,-0.005449689000000001
,,,,,
0.12509634,0.27142859,0.100800075,-0.0935668,-0.12771718,-0.0112007
,,,,,
,,,,,
,,,,,
,,,,,
,,,,,
,,,,,
,,,,,
,,,,,
,,,,,
-0.058278825,0.09055962,0.16407704,0.14608120000000002,0.05927876,-0.06793023
,,,,,
,,,,,
,,,,,
,,,,,
,,,,,
,,,,,
,,,,,
,,,,,
,,,,,
-0.26401985,-0.28797007,-0.008400943000000001,-0.017168853,0.1327112,-0.01712766
,,,,,
,,,,,
,,,,,
,,,,,
,,,,,
,,,,,
,,,,,
,,,,,
,,,,,
0.007028746999999999,0.15605657,0.37420315,0.5133229,0.5762550000000001,0.9428729
,,,,,
,,,,,
,,,,,
,,,,,
,,,,,
,,,,,
,,,,,
,,,,,
,,,,,
0.24326174,3.6332703,12.922689,18.414165,21.832386,24.262009
,,,,,
,,,,,
,,,,,
,,,,,
,,,,,
,,,,,
,,,,,
,,,,,
,,,,,
0.13882756,4.343057,17.645523,35.900196,46.84778,49.565
,,,,,
,,,,,
,,,,,
,,,,,
,,,,,
,,,,,
,,,,,
,,,,,
,,,,,
-0.163417,1.7064705000000002,7.6956,19.532215,39.36269,42.96164
,,,,,
,,,,,
,,,,,
,,,,,
,,,,,
,,,,,
,,,,,
,,,,,
,,,,,
0.17949651,1.181485,3.412964,9.726346,23.27846700000001,25.78138
,,,,,
,,,,,
,,,,,
,,,,,
,,,,,
,,,,,
,,,,,
,,,,,
,,,,,
0.03146507,1.0550777,2.4415593,6.4474480000000005,14.571773,15.620474
,,,,,
,,,,,
,,,,,
,,,,,
,,,,,
,,,,,
,,,,,
,,,,,
,,,,,
,,,,,
,,,,,
,,,,,
,,,,,
,,,,,
,,,,,
,,,,,
,,,,,
,,,,,
,,,,,
,,,,,
,,,,,
,,,,,
,,,,,
,,,,,
,,,,,
,,,,,
,,,,,
,,,,,
,,,,,
,,,,,
,,,,,
,,,,,
,,,,,
,,,,,
,,,,,
,,,,,
,,,,,
,,,,,
,,,,,
,,,,,
,,,,,
,,,,,
,,,,,
,,,,,
,,,,,
,,,,,
,,,,,
,,,,,
,,,,,
,,,,,
,,,,,
,,,,,
,,,,,
,,,,,
,,,,,
,,,,,
,,,,,
,,,,,
,,,,,
,,,,,
,,,,,
,,,,,
,,,,,
,,,,,
,,,,,
,,,,,
,,,,,
,,,,,
,,,,,
,,,,,
,,,,,
,,,,,
,,,,,
,,,,,
,,,,,
,,,,,
,,,,,
,,,,,
,,,,,
,,,,,
,,,,,
,,,,,
,,,,,
,,,,,
,,,,,
,,,,,
,,,,,
,,,,,
,,,,,
,,,,,
,,,,,
,,,,,
,,,,,
,,,,,
,,,,,
,,,,,
,,,,,
,,,,,
,,,,,
,,,,,
,,,,,
,,,,,
,,,,,
,,,,,
,,,,,
,,,,,
,,,,,
,,,,,
,,,,,
