flux_u,flux_g,flux_r,flux_i,flux_z,flux_Y
0.16462938,0.29065007,0.60763496,0.48940033,0.95514166,0.545151
,,,,,
0.022424748,0.4709567,0.83948886,1.3785197,1.4988055,1.3318197
,,,,,
0.32269529,1.000862,1.5568398,2.2390969,2.3389459,2.18226
,,,,,
0.6350311,1.6147935,2.2944045,3.3243620000000003,3.0291743,3.179494
,,,,,
0.62646645,2.029154,3.364524,4.304191,4.627956,4.1841884
,,,,,
0.6844253,3.084022,4.165411,5.9171505,5.5675287,5.7166595
,,,,,
0.66795194,3.653349,4.9463024,6.911451,6.1324883,6.962961999999999
,,,,,
0.79561377,4.135689299999999,5.7764974,7.832613,7.6764054,7.980251299999999
,,,,,
0.64846843,4.639293,6.511896,8.495842999999999,8.422436,9.020342
,,,,,
1.0583873,4.9468584,7.275327000000001,9.563803,9.1840105,9.411285
,,,,,
0.67129004,4.908053400000001,7.5934089999999985,10.158366,9.806348,10.104117
,,,,,
0.9417211,4.9151855000000015,7.539137400000001,10.421729,10.357764,10.43952
,,,,,
,,,,,
,,,,,
,,,,,
,,,,,
,,,,,
,,,,,
,,,,,
,,,,,
0.41185287,3.6787492999999993,8.218986,14.171974,14.024106,15.102331
,,,,,
,,,,,
,,,,,
,,,,,
,,,,,
,,,,,
,,,,,
,,,,,
,,,,,
0.95959675,6.9845539999999975,15.156054,21.83101700000001,21.109816,22.795658
,,,,,
,,,,,
,,,,,
,,,,,
,,,,,
,,,,,
,,,,,
,,,,,
,,,,,
0.78295547,9.845123,20.094257,27.665335,27.017908,28.803843
,,,,,
,,,,,
,,,,,
,,,,,
,,,,,
,,,,,
,,,,,
,,,,,
,,,,,
0.6580322,7.175213,16.850912,25.504871,27.03060300000001,30.860136
,,,,,
,,,,,
,,,,,
,,,,,
,,,,,
,,,,,
,,,,,
,,,,,
,,,,,
0.45199624,4.088579,11.213819,19.815908,22.764095,26.364622
,,,,,
,,,,,
,,,,,
,,,,,
,,,,,
,,,,,
,,,,,
,,,,,
,,,,,
0.26108128,2.1241527,5.923935,12.633601,15.547123999999998,19.0655
,,,,,
,,,,,
,,,,,
,,,,,
,,,,,
,,,,,
,,,,,
,,,,,
,,,,,
-0.009705283,1.0311939,3.2203727000000004,7.721022599999999,10.343828,12.403493
,,,,,
,,,,,
,,,,,
,,,,,
,,,,,
,,,,,
,,,,,
,,,,,
,,,,,
0.09420637,0.4242848,2.2503846000000003,5.843726,8.963669,10.822793
,,,,,
,,,,,
,,,,,
,,,,,
,,,,,
,,,,,
,,,,,
,,,,,
,,,,,
,,,,,
,,,,,
,,,,,
,,,,,
,,,,,
,,,,,
,,,,,
,,,,,
,,,,,
,,,,,
,,,,,
,,,,,
,,,,,
,,,,,
,,,,,
,,,,,
,,,,,
,,,,,
,,,,,
,,,,,
,,,,,
,,,,,
,,,,,
,,,,,
,,,,,
,,,,,
,,,,,
,,,,,
,,,,,
,,,,,
,,,,,
,,,,,
,,,,,
,,,,,
,,,,,
,,,,,
,,,,,
,,,,,
,,,,,
,,,,,
,,,,,
,,,,,
,,,,,
,,,,,
,,,,,
,,,,,
,,,,,
,,,,,
,,,,,
,,,,,
,,,,,
,,,,,
,,,,,
,,,,,
,,,,,
,,,,,
,,,,,
,,,,,
,,,,,
,,,,,
,,,,,
,,,,,
,,,,,
,,,,,
,,,,,
,,,,,
,,,,,
,,,,,
,,,,,
,,,,,
,,,,,
,,,,,
,,,,,
,,,,,
,,,,,
,,,,,
,,,,,
,,,,,
,,,,,
,,,,,
,,,,,
,,,,,
,,,,,
,,,,,
,,,,,
,,,,,
,,,,,
,,,,,
