flux_u,flux_g,flux_r,flux_i,flux_z,flux_Y
-0.14341232,-0.032325763,0.09409837,-0.053346485,-0.019387687,0.06293903
,,,,,
0.19142264,-0.11267054,-0.025279865,0.04180515,-0.02104698,-0.112752564
,,,,,
0.2379566,0.35408777,0.12611675,-0.08744895,-0.054190993,-0.06834721
,,,,,
0.007733434,0.11809755,0.17840616,0.07891878,-0.09137231,0.28596956
,,,,,
0.044073086,-0.0445347,-0.10610847,-0.040606800000000005,-0.10793329,0.2301124
,,,,,
-0.13965388,0.12786497,-0.23899998,-0.0044562756,0.07841506599999999,-0.29328927
,,,,,
-0.027227232,0.017367199,-0.11813039,0.19265847,0.14514165,-0.11051984
,,,,,
0.1403767,0.16536742,-0.027699258,0.1428884,-0.13282332,-0.0813139
,,,,,
,,,,,
,,,,,
,,,,,
,,,,,
,,,,,
,,,,,
,,,,,
,,,,,
0.118445635,-0.046816375,-0.02448588,0.05624633,0.09123166,-0.10307659
,,,,,
,,,,,
,,,,,
,,,,,
,,,,,
,,,,,
,,,,,
,,,,,
,,,,,
-0.07287143,-0.09065588,0.08265817,0.034561034,-0.14873922,0.1434555
,,,,,
,,,,,
,,,,,
,,,,,
,,,,,
,,,,,
,,,,,
,,,,,
,,,,,
-0.15291135,0.24121591,0.04013336,-0.08125221,0.24199182,-0.08570712
,,,,,
,,,,,
,,,,,
,,,,,
,,,,,
,,,,,
,,,,,
,,,,,
,,,,,
22.346146,19.329147,15.150922,12.361823,10.132115,8.675443
,,,,,
,,,,,
,,,,,
,,,,,
,,,,,
,,,,,
,,,,,
,,,,,
,,,,,
88.951355,91.63277,80.95432,68.08997,58.763668,51.50142
,,,,,
,,,,,
,,,,,
,,,,,
,,,,,
,,,,,
,,,,,
,,,,,
,,,,,
5.6782227,12.088233,19.155859,23.195995,24.733812,24.396278
,,,,,
,,,,,
,,,,,
,,,,,
,,,,,
,,,,,
,,,,,
,,,,,
,,,,,
0.9679135,3.9183724,9.595724,14.445029000000002,17.92449,19.578772
,,,,,
,,,,,
,,,,,
,,,,,
,,,,,
,,,,,
,,,,,
,,,,,
,,,,,
0.58120775,3.3362026,8.732214,15.078913,19.642048000000006,22.376408
,,,,,
,,,,,
,,,,,
,,,,,
,,,,,
,,,,,
,,,,,
,,,,,
,,,,,
,,,,,
,,,,,
,,,,,
,,,,,
,,,,,
,,,,,
,,,,,
,,,,,
,,,,,
,,,,,
,,,,,
,,,,,
,,,,,
,,,,,
,,,,,
,,,,,
,,,,,
,,,,,
,,,,,
,,,,,
,,,,,
,,,,,
,,,,,
,,,,,
,,,,,
,,,,,
,,,,,
,,,,,
,,,,,
,,,,,
,,,,,
,,,,,
,,,,,
,,,,,
,,,,,
,,,,,
,,,,,
,,,,,
,,,,,
,,,,,
,,,,,
,,,,,
,,,,,
,,,,,
,,,,,
,,,,,
,,,,,
,,,,,
,,,,,
,,,,,
,,,,,
,,,,,
,,,,,
,,,,,
,,,,,
,,,,,
,,,,,
,,,,,
,,,,,
,,,,,
,,,,,
,,,,,
,,,,,
,,,,,
,,,,,
,,,,,
,,,,,
,,,,,
,,,,,
,,,,,
,,,,,
,,,,,
,,,,,
,,,,,
,,,,,
,,,,,
,,,,,
,,,,,
,,,,,
,,,,,
,,,,,
,,,,,
,,,,,
,,,,,
,,,,,
,,,,,
,,,,,
,,,,,
,,,,,
,,,,,
,,,,,
,,,,,
,,,,,
,,,,,
,,,,,
,,,,,
