flux_u,flux_g,flux_r,flux_i,flux_z,flux_Y
0.25349665,0.17713614,-0.009633386,0.15342583,0.08791637,0.035389252
,,,,,
-0.056341,-0.22535275,-0.115136854,-0.027356535,0.105990775,-0.0070547084
,,,,,
0.04074992,-0.14322849,0.06019358,-0.32312724,0.06338587,0.16440937
,,,,,
-0.16502191,-0.036507715,0.17156936,-0.11652186,0.19547834,0.1466718
,,,,,
0.044715982,-0.18146448,0.07129695,-0.10903945,0.13062970000000002,0.017635694
,,,,,
0.091778494,-0.09906814,0.062306788,0.11385159,-0.17149551,-0.11361313
,,,,,
0.053288583,0.15414834,-0.13039926,0.15559295,-0.05918187,-0.07632883
,,,,,
-0.1216725,0.10517924,-0.01010907,-0.18239288,-0.046174277,-0.014070813
,,,,,
,,,,,
,,,,,
,,,,,
,,,,,
,,,,,
,,,,,
,,,,,
,,,,,
-0.05082514,-0.15236932,-0.060356397,-0.05320141,-0.024840612,0.10982455
,,,,,
,,,,,
,,,,,
,,,,,
,,,,,
,,,,,
,,,,,
,,,,,
,,,,,
0.1951295,1.7227924,6.7154727,6.5580669999999985,2.0492060000000003,4.1977769999999985
,,,,,
,,,,,
,,,,,
,,,,,
,,,,,
,,,,,
,,,,,
,,,,,
,,,,,
0.7258713999999999,4.901225,20.107037,21.323431,19.102776,18.235933
,,,,,
,,,,,
,,,,,
,,,,,
,,,,,
,,,,,
,,,,,
,,,,,
,,,,,
0.8190199,5.3438370000000015,27.691168,35.83210800000001,31.578571000000004,32.382557
,,,,,
,,,,,
,,,,,
,,,,,
,,,,,
,,,,,
,,,,,
,,,,,
,,,,,
0.40587687,4.0267406,28.922785,43.76275,41.277103,42.956802
,,,,,
,,,,,
,,,,,
,,,,,
,,,,,
,,,,,
,,,,,
,,,,,
,,,,,
0.12004327,2.0349593,18.68884,36.70619,42.064655,50.811996
,,,,,
,,,,,
,,,,,
,,,,,
,,,,,
,,,,,
,,,,,
,,,,,
,,,,,
0.03607396,1.0869007,10.588502,27.061474,38.750034,47.29701
,,,,,
,,,,,
,,,,,
,,,,,
,,,,,
,,,,,
,,,,,
,,,,,
,,,,,
-0.1784323,0.11585948,3.57035,13.987675,22.58206400000001,31.895552
,,,,,
,,,,,
,,,,,
,,,,,
,,,,,
,,,,,
,,,,,
,,,,,
,,,,,
,,,,,
,,,,,
,,,,,
,,,,,
,,,,,
,,,,,
,,,,,
,,,,,
,,,,,
,,,,,
,,,,,
,,,,,
,,,,,
,,,,,
,,,,,
,,,,,
,,,,,
,,,,,
,,,,,
,,,,,
,,,,,
,,,,,
,,,,,
,,,,,
,,,,,
,,,,,
,,,,,
,,,,,
,,,,,
,,,,,
,,,,,
,,,,,
,,,,,
,,,,,
,,,,,
,,,,,
,,,,,
,,,,,
,,,,,
,,,,,
,,,,,
,,,,,
,,,,,
,,,,,
,,,,,
,,,,,
,,,,,
,,,,,
,,,,,
,,,,,
,,,,,
,,,,,
,,,,,
,,,,,
,,,,,
,,,,,
,,,,,
,,,,,
,,,,,
,,,,,
,,,,,
,,,,,
,,,,,
,,,,,
,,,,,
,,,,,
,,,,,
,,,,,
,,,,,
,,,,,
,,,,,
,,,,,
,,,,,
,,,,,
,,,,,
,,,,,
,,,,,
,,,,,
,,,,,
,,,,,
,,,,,
,,,,,
,,,,,
,,,,,
,,,,,
,,,,,
,,,,,
,,,,,
,,,,,
,,,,,
,,,,,
,,,,,
,,,,,
,,,,,
,,,,,
,,,,,
