flux_u,flux_g,flux_r,flux_i,flux_z,flux_Y
-0.08344769,-0.03390924,-0.022739943,-0.17256013,-0.3008615,-0.13767329
,,,,,
0.14130619,0.1776402,-0.026439466,0.096739165,0.031793483,0.029349454
,,,,,
0.10672579,0.14203082,-0.046938352,0.17127746,0.19544724,-0.008563236
,,,,,
-0.032130335,0.13555303,-0.20378427,0.0068043903,-0.18233019,0.026189221
,,,,,
-0.043821454,0.052161444,0.18063731,-0.35921225,0.09957503,0.031571385
,,,,,
-0.00041394596,0.046066143,-0.11500231,0.17509192,-0.16310312,0.06800559
,,,,,
,,,,,
,,,,,
,,,,,
,,,,,
,,,,,
,,,,,
,,,,,
,,,,,
0.07349869,-0.037205424,0.016591236000000002,-0.11713209,-0.17756079,0.050549835
,,,,,
,,,,,
,,,,,
,,,,,
,,,,,
,,,,,
,,,,,
,,,,,
,,,,,
-0.024461571,-0.3379415,0.22754924,-0.012036001,0.13243428,0.006230633199999999
,,,,,
,,,,,
,,,,,
,,,,,
,,,,,
,,,,,
,,,,,
,,,,,
,,,,,
0.12492766,0.7458325,2.444758,3.638044,4.489135299999999,5.3558793
,,,,,
,,,,,
,,,,,
,,,,,
,,,,,
,,,,,
,,,,,
,,,,,
,,,,,
0.46015444,5.202334400000002,20.867891,34.502487,40.976395,49.54705
,,,,,
,,,,,
,,,,,
,,,,,
,,,,,
,,,,,
,,,,,
,,,,,
,,,,,
0.32245457,3.4088604,18.269989,42.11022,58.443367,73.244484
,,,,,
,,,,,
,,,,,
,,,,,
,,,,,
,,,,,
,,,,,
,,,,,
,,,,,
0.30753833,1.440436,5.961453,19.878174,36.980972,52.55368000000001
,,,,,
,,,,,
,,,,,
,,,,,
,,,,,
,,,,,
,,,,,
,,,,,
,,,,,
-0.061665863,1.0717931,3.98765,12.662865,22.349043,31.976385
,,,,,
,,,,,
,,,,,
,,,,,
,,,,,
,,,,,
,,,,,
,,,,,
,,,,,
-0.13207054,0.8872436,2.2597542,7.8983355,13.552975,19.321426
,,,,,
,,,,,
,,,,,
,,,,,
,,,,,
,,,,,
,,,,,
,,,,,
,,,,,
,,,,,
,,,,,
,,,,,
,,,,,
,,,,,
,,,,,
,,,,,
,,,,,
,,,,,
,,,,,
,,,,,
,,,,,
,,,,,
,,,,,
,,,,,
,,,,,
,,,,,
,,,,,
,,,,,
,,,,,
,,,,,
,,,,,
,,,,,
,,,,,
,,,,,
,,,,,
,,,,,
,,,,,
,,,,,
,,,,,
,,,,,
,,,,,
,,,,,
,,,,,
,,,,,
,,,,,
,,,,,
,,,,,
,,,,,
,,,,,
,,,,,
,,,,,
,,,,,
,,,,,
,,,,,
,,,,,
,,,,,
,,,,,
,,,,,
,,,,,
,,,,,
,,,,,
,,,,,
,,,,,
,,,,,
,,,,,
,,,,,
,,,,,
,,,,,
,,,,,
,,,,,
,,,,,
,,,,,
,,,,,
,,,,,
,,,,,
,,,,,
,,,,,
,,,,,
,,,,,
,,,,,
,,,,,
,,,,,
,,,,,
,,,,,
,,,,,
,,,,,
,,,,,
,,,,,
,,,,,
,,,,,
,,,,,
,,,,,
,,,,,
,,,,,
,,,,,
,,,,,
,,,,,
,,,,,
,,,,,
,,,,,
,,,,,
,,,,,
,,,,,
,,,,,
,,,,,
,,,,,
,,,,,
,,,,,
,,,,,
