flux_u,flux_g,flux_r,flux_i,flux_z,flux_Y
-0.13662991,-0.05071257,0.108401544,-0.011017042,-0.11279331,0.18258356
,,,,,
-0.33766934,-0.33588379999999995,0.10220313,0.25144103,0.19952638,0.08333365
,,,,,
-0.008296075,-0.10679115,-0.11820162,-0.0022622375,-0.119377404,-0.2061531
,,,,,
-0.021439848,-0.1559854,-0.24204569,-0.019660233,-0.04533079,-0.03251133
,,,,,
-0.3342463,0.08817066,-0.30942103,-0.08493852,-0.08796808,0.28754145
,,,,,
0.14533854,-0.098358594,-0.045919638,-0.06945234,-0.07736505,0.33123177
,,,,,
-0.0007340335000000001,0.03743122,-0.08402594,-0.07115433,0.27465045,-0.047448665
,,,,,
-0.009000815,-0.043085665,0.2882146,0.019480692,0.01843765,-0.14366199999999998
,,,,,
0.020301443,0.1081088,0.023278577,-0.1840967,-0.07034328599999999,-0.21747768
,,,,,
-0.11620112,-0.018478084,-0.059147157,0.14813508,0.05582249,0.1360816
,,,,,
,,,,,
,,,,,
,,,,,
,,,,,
,,,,,
,,,,,
,,,,,
,,,,,
-0.051916476,-0.06387622,-0.007918625,-0.10752898,-0.24947561,0.16149898
,,,,,
,,,,,
,,,,,
,,,,,
,,,,,
,,,,,
,,,,,
,,,,,
,,,,,
0.1342077,-0.09055647,-0.2326621,-0.039123423,-0.08947548,-0.14098126
,,,,,
,,,,,
,,,,,
,,,,,
,,,,,
,,,,,
,,,,,
,,,,,
,,,,,
54.93464300000001,50.33403,35.6588,22.18228,19.295527,16.412169
,,,,,
,,,,,
,,,,,
,,,,,
,,,,,
,,,,,
,,,,,
,,,,,
,,,,,
41.833733,55.966103,55.152622,56.04476999999999,48.576794,43.37764
,,,,,
,,,,,
,,,,,
,,,,,
,,,,,
,,,,,
,,,,,
,,,,,
,,,,,
12.557071,34.425823,40.4963,46.075302,42.210537,38.772667
,,,,,
,,,,,
,,,,,
,,,,,
,,,,,
,,,,,
,,,,,
,,,,,
,,,,,
3.5396962,19.083113,33.922882,35.862907,41.75784,33.859177
,,,,,
,,,,,
,,,,,
,,,,,
,,,,,
,,,,,
,,,,,
,,,,,
,,,,,
1.484972,9.656723,27.924906,32.169918,42.640465,31.294167
,,,,,
,,,,,
,,,,,
,,,,,
,,,,,
,,,,,
,,,,,
,,,,,
,,,,,
0.7077954000000001,5.9163985,22.322653,29.836098,41.19306,32.58368
,,,,,
,,,,,
,,,,,
,,,,,
,,,,,
,,,,,
,,,,,
,,,,,
,,,,,
,,,,,
,,,,,
,,,,,
,,,,,
,,,,,
,,,,,
,,,,,
,,,,,
,,,,,
,,,,,
,,,,,
,,,,,
,,,,,
,,,,,
,,,,,
,,,,,
,,,,,
,,,,,
,,,,,
,,,,,
,,,,,
,,,,,
,,,,,
,,,,,
,,,,,
,,,,,
,,,,,
,,,,,
,,,,,
,,,,,
,,,,,
,,,,,
,,,,,
,,,,,
,,,,,
,,,,,
,,,,,
,,,,,
,,,,,
,,,,,
,,,,,
,,,,,
,,,,,
,,,,,
,,,,,
,,,,,
,,,,,
,,,,,
,,,,,
,,,,,
,,,,,
,,,,,
,,,,,
,,,,,
,,,,,
,,,,,
,,,,,
,,,,,
,,,,,
,,,,,
,,,,,
,,,,,
,,,,,
,,,,,
,,,,,
,,,,,
,,,,,
,,,,,
,,,,,
,,,,,
,,,,,
,,,,,
,,,,,
,,,,,
,,,,,
,,,,,
,,,,,
,,,,,
,,,,,
,,,,,
,,,,,
,,,,,
,,,,,
,,,,,
,,,,,
,,,,,
,,,,,
,,,,,
,,,,,
,,,,,
,,,,,
,,,,,
