flux_u,flux_g,flux_r,flux_i,flux_z,flux_Y
0.2873687,0.1629764,-0.023512792,-0.032386154,-0.15153088,-0.14145939
,,,,,
-0.25853983,0.09417142,0.23308665,-0.1854774,-0.033780955,0.18394871
,,,,,
0.0009849545,0.031136755,0.082830384,-0.27976158,0.16846992,-0.047497083
,,,,,
-0.03863326,-0.1164003,0.11203701,0.03591542,0.0039146356,0.20096563
,,,,,
-0.18060248,0.52294695,-0.051276103,0.29461148,0.20183234,0.19140494
,,,,,
-0.14433138,-0.087408625,0.22421473,-0.10529582,0.08042877,-0.06535911
,,,,,
0.04952219,-0.038823776,-0.10979432,0.0305957,-0.0040904246,0.10010078
,,,,,
0.056451462,-0.10786034,-0.040098097,-0.1796796,-0.14593306,-0.08493733
,,,,,
-0.050263174,-0.24913102,-0.08102988,0.14145009,0.016578318999999998,-0.12430872
,,,,,
,,,,,
,,,,,
,,,,,
,,,,,
,,,,,
,,,,,
,,,,,
,,,,,
0.15930465,-0.21811894,-0.048636906,0.09457827,-0.17102563,-0.059531152
,,,,,
,,,,,
,,,,,
,,,,,
,,,,,
,,,,,
,,,,,
,,,,,
,,,,,
1.8126936,9.824664,9.264136,7.6071315,8.432899,6.9167570000000005
,,,,,
,,,,,
,,,,,
,,,,,
,,,,,
,,,,,
,,,,,
,,,,,
,,,,,
4.615149,22.303385,29.727290000000004,29.071056,25.752146,22.03404
,,,,,
,,,,,
,,,,,
,,,,,
,,,,,
,,,,,
,,,,,
,,,,,
,,,,,
1.3219803999999995,14.748593,28.95493,37.08741,33.718845,29.267094
,,,,,
,,,,,
,,,,,
,,,,,
,,,,,
,,,,,
,,,,,
,,,,,
,,,,,
0.32733732,4.2196455,12.592252,23.859766,21.81463,21.405844
,,,,,
,,,,,
,,,,,
,,,,,
,,,,,
,,,,,
,,,,,
,,,,,
,,,,,
0.041780766,1.2567177,6.483346,14.411769,16.27921,16.465113
,,,,,
,,,,,
,,,,,
,,,,,
,,,,,
,,,,,
,,,,,
,,,,,
,,,,,
-0.13875987,1.2003751,4.0214013999999985,11.786546,12.198338,12.385165
,,,,,
,,,,,
,,,,,
,,,,,
,,,,,
,,,,,
,,,,,
,,,,,
,,,,,
0.13746715,0.66637063,3.4168398,9.047777,11.564241,11.707091
,,,,,
,,,,,
,,,,,
,,,,,
,,,,,
,,,,,
,,,,,
,,,,,
,,,,,
,,,,,
,,,,,
,,,,,
,,,,,
,,,,,
,,,,,
,,,,,
,,,,,
,,,,,
,,,,,
,,,,,
,,,,,
,,,,,
,,,,,
,,,,,
,,,,,
,,,,,
,,,,,
,,,,,
,,,,,
,,,,,
,,,,,
,,,,,
,,,,,
,,,,,
,,,,,
,,,,,
,,,,,
,,,,,
,,,,,
,,,,,
,,,,,
,,,,,
,,,,,
,,,,,
,,,,,
,,,,,
,,,,,
,,,,,
,,,,,
,,,,,
,,,,,
,,,,,
,,,,,
,,,,,
,,,,,
,,,,,
,,,,,
,,,,,
,,,,,
,,,,,
,,,,,
,,,,,
,,,,,
,,,,,
,,,,,
,,,,,
,,,,,
,,,,,
,,,,,
,,,,,
,,,,,
,,,,,
,,,,,
,,,,,
,,,,,
,,,,,
,,,,,
,,,,,
,,,,,
,,,,,
,,,,,
,,,,,
,,,,,
,,,,,
,,,,,
,,,,,
,,,,,
,,,,,
,,,,,
,,,,,
,,,,,
,,,,,
,,,,,
,,,,,
,,,,,
,,,,,
,,,,,
,,,,,
,,,,,
,,,,,
,,,,,
,,,,,
,,,,,
