flux_u,flux_g,flux_r,flux_i,flux_z,flux_Y
0.081938095,-0.045686994,0.0916371,-0.022638496,0.13325481,-0.009142053
,,,,,
-0.07090629,-0.11681729,0.07846459,-0.04585923,-0.17460419,0.18411537
,,,,,
0.060260452,-0.19411760000000008,0.15341856,-0.046488125,-0.06060092,0.17824952
,,,,,
-0.13615493,0.11673112,0.16071709,0.056857225,-0.14285720000000002,0.08779402
,,,,,
0.059757028,-0.12875657,0.06910305,0.19599506,0.15945558,0.1502805
,,,,,
0.021530965,0.07308905,0.023564534,-0.11172527,0.18009833,0.019187402
,,,,,
-0.18112776,0.008880697,0.18593818,0.010126917,-0.12127724,0.15523174
,,,,,
-0.16189170000000006,0.009189439,0.3630103,0.12348474,0.13381374,-0.24618025
,,,,,
,,,,,
,,,,,
,,,,,
,,,,,
,,,,,
,,,,,
,,,,,
,,,,,
-0.12661697,-0.041321423,-0.13363470000000002,0.07001747,0.16928320000000002,0.21652621
,,,,,
,,,,,
,,,,,
,,,,,
,,,,,
,,,,,
,,,,,
,,,,,
,,,,,
0.18729046,0.12055998,-0.13825616,0.16519289999999998,0.1795091,-0.12601508
,,,,,
,,,,,
,,,,,
,,,,,
,,,,,
,,,,,
,,,,,
,,,,,
,,,,,
0.17236778,1.2010361,4.693987,8.490492999999999,10.985359,13.068644
,,,,,
,,,,,
,,,,,
,,,,,
,,,,,
,,,,,
,,,,,
,,,,,
,,,,,
0.020083468,2.7285879,14.067388,29.87775,40.173622,48.364758
,,,,,
,,,,,
,,,,,
,,,,,
,,,,,
,,,,,
,,,,,
,,,,,
,,,,,
0.43902957,1.0003163,7.336987,22.93228,40.512135,52.527
,,,,,
,,,,,
,,,,,
,,,,,
,,,,,
,,,,,
,,,,,
,,,,,
,,,,,
0.093365364,0.65712696,3.2652447,11.396264,23.390127,33.29857
,,,,,
,,,,,
,,,,,
,,,,,
,,,,,
,,,,,
,,,,,
,,,,,
,,,,,
0.031788625,0.4976104,2.133923,7.142182000000001,14.158218,20.482384
,,,,,
,,,,,
,,,,,
,,,,,
,,,,,
,,,,,
,,,,,
,,,,,
,,,,,
0.17220931,0.44648874,1.2395372,4.1902040000000005,9.284633,12.042115
,,,,,
,,,,,
,,,,,
,,,,,
,,,,,
,,,,,
,,,,,
,,,,,
,,,,,
,,,,,
,,,,,
,,,,,
,,,,,
,,,,,
,,,,,
,,,,,
,,,,,
,,,,,
,,,,,
,,,,,
,,,,,
,,,,,
,,,,,
,,,,,
,,,,,
,,,,,
,,,,,
,,,,,
,,,,,
,,,,,
,,,,,
,,,,,
,,,,,
,,,,,
,,,,,
,,,,,
,,,,,
,,,,,
,,,,,
,,,,,
,,,,,
,,,,,
,,,,,
,,,,,
,,,,,
,,,,,
,,,,,
,,,,,
,,,,,
,,,,,
,,,,,
,,,,,
,,,,,
,,,,,
,,,,,
,,,,,
,,,,,
,,,,,
,,,,,
,,,,,
,,,,,
,,,,,
,,,,,
,,,,,
,,,,,
,,,,,
,,,,,
,,,,,
,,,,,
,,,,,
,,,,,
,,,,,
,,,,,
,,,,,
,,,,,
,,,,,
,,,,,
,,,,,
,,,,,
,,,,,
,,,,,
,,,,,
,,,,,
,,,,,
,,,,,
,,,,,
,,,,,
,,,,,
,,,,,
,,,,,
,,,,,
,,,,,
,,,,,
,,,,,
,,,,,
,,,,,
,,,,,
,,,,,
,,,,,
,,,,,
,,,,,
,,,,,
,,,,,
,,,,,
,,,,,
