flux_u,flux_g,flux_r,flux_i,flux_z,flux_Y
0.0033252402,-0.025183247,-0.12725313,0.052092317,0.13080369,-0.08834895
,,,,,
0.12081267,-0.039660245,-0.16411775,-0.11463733,0.25571847,0.13106476
,,,,,
0.048847802,-0.1863178,-0.07005255,-0.19516426,-0.13394098,-0.031056494
,,,,,
-0.09647059,-0.09766464,-0.016640836000000003,-0.15681824,0.06569831,0.090223335
,,,,,
0.061941408,-0.2533146,0.22615035,0.054153632,0.028420398,-0.19340006
,,,,,
-0.12823379,0.031370223,0.072260015,0.052172553,0.048022144,0.015562471
,,,,,
-0.024111686,-0.075349,0.01559611,-0.08926361,-0.089287855,0.43918332
,,,,,
0.18411803,-0.01387708,-0.09602246,0.022606382,-0.03682205,-0.040829107
,,,,,
-0.14373165,0.008549382,-0.18935132,0.19786988,-0.18635465,-0.16857164
,,,,,
,,,,,
,,,,,
,,,,,
,,,,,
,,,,,
,,,,,
,,,,,
,,,,,
0.13408647,-0.1063518,-0.24774466,-0.07179386,0.07058328,0.04837225
,,,,,
,,,,,
,,,,,
,,,,,
,,,,,
,,,,,
,,,,,
,,,,,
,,,,,
-0.15480871,-0.05776265,-0.0011695891,-0.052556723,-0.11722597,-0.07446099
,,,,,
,,,,,
,,,,,
,,,,,
,,,,,
,,,,,
,,,,,
,,,,,
,,,,,
0.21598049,-0.0026512954,0.08926111,-0.20045872,0.07438962,0.010967777
,,,,,
,,,,,
,,,,,
,,,,,
,,,,,
,,,,,
,,,,,
,,,,,
,,,,,
0.20938008,0.22744757,0.09681243,-0.10098163,-0.08640013,0.02561151
,,,,,
,,,,,
,,,,,
,,,,,
,,,,,
,,,,,
,,,,,
,,,,,
,,,,,
25.624767,35.574047,36.676865,33.688217,31.26886,28.441166
,,,,,
,,,,,
,,,,,
,,,,,
,,,,,
,,,,,
,,,,,
,,,,,
,,,,,
2.5120463,7.617153999999997,13.25926,16.392748,18.010424,19.266916
,,,,,
,,,,,
,,,,,
,,,,,
,,,,,
,,,,,
,,,,,
,,,,,
,,,,,
0.2962989,1.0043951999999998,4.220962,7.2246169999999985,9.520399,11.169951
,,,,,
,,,,,
,,,,,
,,,,,
,,,,,
,,,,,
,,,,,
,,,,,
,,,,,
0.0746958,0.7235366999999999,2.7593772,5.3967624,7.9452705,10.047073
,,,,,
,,,,,
,,,,,
,,,,,
,,,,,
,,,,,
,,,,,
,,,,,
,,,,,
,,,,,
,,,,,
,,,,,
,,,,,
,,,,,
,,,,,
,,,,,
,,,,,
,,,,,
,,,,,
,,,,,
,,,,,
,,,,,
,,,,,
,,,,,
,,,,,
,,,,,
,,,,,
,,,,,
,,,,,
,,,,,
,,,,,
,,,,,
,,,,,
,,,,,
,,,,,
,,,,,
,,,,,
,,,,,
,,,,,
,,,,,
,,,,,
,,,,,
,,,,,
,,,,,
,,,,,
,,,,,
,,,,,
,,,,,
,,,,,
,,,,,
,,,,,
,,,,,
,,,,,
,,,,,
,,,,,
,,,,,
,,,,,
,,,,,
,,,,,
,,,,,
,,,,,
,,,,,
,,,,,
,,,,,
,,,,,
,,,,,
,,,,,
,,,,,
,,,,,
,,,,,
,,,,,
,,,,,
,,,,,
,,,,,
,,,,,
,,,,,
,,,,,
,,,,,
,,,,,
,,,,,
,,,,,
,,,,,
,,,,,
,,,,,
,,,,,
,,,,,
,,,,,
,,,,,
,,,,,
,,,,,
,,,,,
,,,,,
,,,,,
,,,,,
,,,,,
,,,,,
,,,,,
,,,,,
,,,,,
,,,,,
,,,,,
,,,,,
,,,,,
